Comment ID,Author,Content,Publish Date,Like Count,Reply Count
Ugy_so7GTfz1_EqqFx94AaABAg,@kennethprakash1677,"9:53 is probably my favorite part. Everyone just squirming to push the weeping angel in the pit of acid. In the midst of this chaos, pasta proceeds to jump in the acid on the angel's behalf.",2025-11-13T16:59:48Z,0,0
Ugw3uTFuITp_QI8NMMF4AaABAg,@ProjectEnder5691,"Vanoss: ""It's Cameraman Time.""

18:55 - 21:15

Lmao 🤣",2025-10-30T23:11:29Z,0,0
Ugx_7lBEEiF7Xe-60qh4AaABAg,@TheGhost1410,10:42 is funny as hell with the dark souls boss theme.,2025-10-30T15:19:04Z,0,0
UgzDkSMnsiVXG4kFt8t4AaABAg,@vanillasdue,She doesn't know directions,2025-09-04T20:25:34Z,0,0
UgwC5End9yg_riMRvol4AaABAg,@chiniromero3870,Perfect reaping what has been sown moment at the beginning lol,2025-07-22T23:52:34Z,0,0
Ugz39bmMmPN6yJD9Nql4AaABAg,@vcarter0723,"Marcel is way too good being a pimp

Maybe a little too good",2025-07-20T04:29:40Z,0,0
UgwlI6ygeDg8kN2XMlZ4AaABAg,@AlexLopez-gn8qc,Another classic,2025-07-10T06:34:28Z,0,0
UgwkTYlHYVXnYNpp0j54AaABAg,@N4sty4ndy,We have to get more of the group edit sessions at the end of the videos 😂. That was golden,2025-07-06T11:58:23Z,0,0
Ugya18QedHNhLVfAPR14AaABAg,@TigerJetSyphan,6:45 I love how Lui’s icon mouth goes from 90 degrees to 0 so fast 😂,2025-06-14T18:51:43Z,0,0
UgxyQgErQhUvn7h82CV4AaABAg,@KING-JUSTINIUS,"BRO MACARENA IS NOT MEXICAN, IT'S A SPANISH SONG FROM ANDALUCIA!!! POR QUÉ!!!",2025-06-13T18:32:32Z,0,0
Ugy9x8OoFXYNzPURXYN4AaABAg,@CIVILCOMICSOfficalStudio,They gotta make a Repo 2 😂,2025-06-12T10:40:16Z,0,0
Ugwgx7-s7riWHmZMjHJ4AaABAg,@Eeevonn,the nuke should just crash your game when it blows you up,2025-06-12T00:28:56Z,0,0
UgxDTPmzlI4sEBH8LcJ4AaABAg,@SugarFreeLatte,"14:00 ""oh im used to those"" is diabolical💀💀",2025-06-04T15:47:39Z,9,0
UgwzmWMj6pFnP2SH8uB4AaABAg,@Yusuf_Kece,"19:24 while everybody having a hard time playing game.
meanwhile brian : ambatulam......😵",2025-05-31T12:22:47Z,0,0
UgwKQZGWmhqyaP85nGZ4AaABAg,@CheerfulJigsawPuzzle-jo9lq,1:04 basically is sonic just because he can outrun child support 💀,2025-05-28T20:15:55Z,1,0
UgxfrYLoLfDxgAZehNp4AaABAg,@MUM-69,16:00 The teeth really crack me up! I GOTTA PLAY THIS! lol,2025-05-26T20:00:59Z,0,0
Ugy4uCk2BzNE4DmeByV4AaABAg,@MUM-69,That statue is on a hole nother level... 😦😧😨,2025-05-26T19:54:05Z,0,0
Ugy-SoceCdqmSSZhHtZ4AaABAg,@Heterochaeta,Okay but his songs tho,2025-05-19T19:38:42Z,0,0
UgxzHOG2Q-yt6ReFS914AaABAg,@Dragoneel81,2:43 i didn't expect brian to use dreamybull on his soundboard lol,2025-05-06T02:13:24Z,0,0
UgxUOjkd2XcU5wqyH2N4AaABAg,@PokèJJGaming,Moments like this makes me miss BigJigglyPanda and H20 Delirious,2025-05-04T02:49:35Z,0,0
UgwppQcqcUxQdkukCNF4AaABAg,@Ghostdog-q2z,the electric slide was made by Ric silver for the electric boogie song in 1976🤣 Pasta was somehow right i guess,2025-05-03T19:06:40Z,0,0
Ugy0NVBjV1zzCLuQROV4AaABAg,@mythicg4m3r85,It's so funny being subscribed to most of you guys and seeing the different POV's.,2025-05-03T01:24:13Z,0,0
UgyTJu3UjjXPdqGF0ZN4AaABAg,@playvader,18:50 loony tunes type shi lol,2025-04-29T14:04:28Z,0,0
UgzPjKK1cLT3mOYqA494AaABAg,@reimatthewdeleon450,"anyone know what mods or modpack are they using, i would love to have the cosmetics they have",2025-04-28T05:51:34Z,0,0
UgwjgxJ5Ogtav7djSaZ4AaABAg,@REIMATTHEWDELEON,what was their mod for their cosmetics?,2025-04-28T05:39:03Z,0,0
UgyN6g-Qnfd_nJjoT1V4AaABAg,@Turgineer,22:31  Average Vanoss Crew chaos.,2025-04-26T13:12:02Z,0,0
Ugwc52O1jKh0TMlm_t54AaABAg,@VictorManuelVicente2,17:56 fun fact: Macarena is a Spanish song not mexican,2025-04-22T09:29:48Z,1,0
Ugze8_zvs3oBsuSVASN4AaABAg,@H3ll2pay,What would black sonic be called? Uuuuh shadow,2025-04-20T08:07:40Z,0,0
Ugwa-6VAyjlHFuH4o4d4AaABAg,@katiekring896,Did Novak ask what black sonic would be called…. Shadow…. Shadow the hedgehog..,2025-04-19T03:03:14Z,0,0
UgxWUlkpNFB58uOhrPh4AaABAg,@returnofthejoe2285,love the running joke of marcel switching outfits,2025-04-18T17:29:14Z,0,0
UgyzyMWv-Zuhkg34S-p4AaABAg,@theghost4593,"what would a black sonic be called 

usain bolt",2025-04-17T15:41:58Z,0,0
UgwPgwQLrEEXn1_bARl4AaABAg,@various2w,the ave maria part after the explosion wouldve been way cooler if it was slowed down,2025-04-17T06:46:17Z,0,0
UgwpLDb_IPwnsmMoCrl4AaABAg,@bluedeevilgaming,15:50 Marcel became a pimp named slickback,2025-04-17T02:51:46Z,0,0
UgyNRSGJDtY_0nGDgp14AaABAg,@Glooberz,16:42 its been SO long since i heard even laugh like this. Its nice,2025-04-15T17:10:41Z,0,0
Ugw2JwBhwrW6wOdG6KV4AaABAg,@gecostyle666,8:24 “that was for japan!” SENT ME,2025-04-15T05:49:47Z,0,0
UgzGtMdWHwt_9KNcc854AaABAg,@DJ-zk6qp,Anyone here in 2026?,2025-04-14T02:02:53Z,0,0
Ugx28HyVq3DiPYMSvdx4AaABAg,@rjpc07,10:41 That is the most fitting character to use that music on,2025-04-13T04:34:46Z,0,0
UgxP2aLtsXiPBjKhM6t4AaABAg,@AnonymousZCool,Black sonic is shadow duhh,2025-04-11T23:55:15Z,0,0
UgxAhWnmjlSfUDh0vth4AaABAg,@PorgyReal,4:28 Had me dying with the fucking drawn on outfit,2025-04-11T06:11:01Z,0,0
UgwufduCSW4oXce1WKZ4AaABAg,@pan4854,I love the Ave Maria segments in the beginning of these videos. They’re amazing,2025-04-11T02:29:10Z,0,0
UgxS5dCFTACSDRq8GGp4AaABAg,@vishalkalicharan7710,PLEASE play a Jackbox game!!,2025-04-11T00:11:49Z,0,0
Ugwcdt4XFZeZrZodDQN4AaABAg,@Bruticus-q5p,17:09 must be part of 2025 moments,2025-04-10T21:16:48Z,0,0
UgzeHRj_Oyy3OHXED6h4AaABAg,@unpopulardudelol,Where's h20 delirious and moo,2025-04-10T09:52:22Z,0,0
UgytInj5cN1C7BPbBhN4AaABAg,@thekingofbraves7274,VANNOSS TURN UP YOUR GRAPHICS NEXT TIME !!,2025-04-09T16:18:37Z,0,0
UgxVm71px5lYaz9YVCR4AaABAg,@kinangeagle133,Had to rewind the video a few times to confirm that vanoss was in fact laughing like “HAHAHAHA” and not like “Ahahahaa”,2025-04-09T05:49:04Z,0,0
UgwO6kxLtNymN0ND14p4AaABAg,@lilspeddie7229,Are they playing in VR when they play repo,2025-04-09T05:02:53Z,0,0
Ugw1-NkYDXikWWBfu794AaABAg,@ramzy9753,19:00 Brian with the Dreamybull ambatukam soundboard😂,2025-04-08T18:33:29Z,0,0
UgyZSyhB4vUdLyttwyx4AaABAg,@jackg2281,Brian’s Jimmy Saville costume at the start was under-appreciated,2025-04-07T18:48:02Z,0,0
Ugy3bP96J9laQsbgw9R4AaABAg,@classroom1184,they just let anyone join the vanoss crew 😭🙏,2025-04-07T16:38:08Z,0,0
UgyWr1j2_Tbw172n2S54AaABAg,@Cpt-Nightmare,The dreamybull soundboards is amazing :D,2025-04-06T16:44:25Z,0,0
UgwFCpQiicA7cgu_A294AaABAg,@Libbs123,Bro marcel technecally saying the Nword Uncensored was not on my 2025 bingo card 😂,2025-04-06T16:40:48Z,0,0
Ugwur0gRKIQkMp5FTr94AaABAg,@diesel3461,Where’s website that you’re using mods?,2025-04-06T15:15:44Z,0,0
Ugz5qqosF6iJjZuVuFt4AaABAg,@niconator316,Hey vannos. I saw a mobile game ad that stole a clip from your content,2025-04-06T10:00:50Z,1,0
UgzZOD5_fNlaAkjuXvh4AaABAg,@oninpizon9527,Sonic is 2X speed and endurance but can't swimm,2025-04-06T05:15:51Z,0,0
Ugw9hVjRuxBeGN6X0E14AaABAg,@giraffebean,is this a mod?,2025-04-06T04:25:35Z,0,0
UgxKRPVBUzogrvbx9Px4AaABAg,@wasp_queen_,10:39 the second phase kicked in🤣🤣,2025-04-06T04:17:57Z,2,0
Ugxzfuapf6Y3F13M_e54AaABAg,@doozawastaken,"1:10 uncensored is too good, especially Black Sonic lmao",2025-04-06T01:08:11Z,7,0
UgwAjX-ykCrDv3M6eFp4AaABAg,@zachhugyo1422,Does wildcat just not care about saying nigga no more,2025-04-05T22:06:47Z,0,0
UgxvuN1-8ag3wGUakmF4AaABAg,@SCGoose,The genuine laugh from Vanoss 24:00,2025-04-05T17:53:08Z,62,0
UgypVUGXzGWA1SsiZXJ4AaABAg,@sduckworthduckworth148,I need the mod list,2025-04-05T17:46:37Z,0,0
UgwZdNekkBNdUlY02bR4AaABAg,@foxboy1985,Pastas laugh sounds like if Roseanne and Rita repulsa had a baby,2025-04-05T15:55:08Z,0,0
Ugzkus8o4Q8jezlx5wd4AaABAg,@theoceanviewingvianist,Seeing the nuke at 16:52 and then hearing a distant boom in the background after a few seconds will never not be funny,2025-04-05T11:24:57Z,11,0
Ugxxtm0C29OkDXlQrb94AaABAg,@Monsterboi2543,We needa panda up in here what happened with him,2025-04-05T02:29:21Z,0,0
UgyKkrP4cqpZTquCbjh4AaABAg,@Kngsman,The amount of absolute chaos at 18:50 is hilarious,2025-04-05T01:39:07Z,3,0
Ugz85Kct1PYBNXu3IOJ4AaABAg,@siren8183,It’s good to come back and watch you guys when I’m struggling thank you 🙏,2025-04-05T01:11:10Z,0,0
UgykuvrwVXA3zVEmKrJ4AaABAg,@vincefujiwara1064,Marcel lowkey promoting AC Shadow,2025-04-05T00:59:35Z,0,0
UgzkoP4Pd90Pj-BzXKV4AaABAg,@Kevinx6,"Supposedly a guy named Ric Silver choreographed the Electric Slide. And he was a white guy. Idk if that helps decide whose dance it is, but it at least says what demographic invented it",2025-04-04T22:04:10Z,0,0
UgyATJ9zs4C5-ShVPRV4AaABAg,@thetrollman2390,I was genuinely not expecting Terroriser to play dreamybull sounds,2025-04-04T11:09:31Z,0,0
UgzcHHjAEtzclCEbf7V4AaABAg,@masonsnosam02,this game is a new favorite to watch yall play,2025-04-04T09:46:03Z,1,0
UgxZNU0fuWnACSyB_lx4AaABAg,@blipus8711,Absolutely love the mass effect reaper sound for the lasers 😭,2025-04-04T02:27:34Z,0,0
Ugz58wzy09-zU7DxdrN4AaABAg,@whateverthisis5613,it's good to see everyone playing with lui,2025-04-04T01:21:46Z,0,0
UgwWOvh5vdgLitiTRKF4AaABAg,@Suhaeb-s4o,13:23 i havent had a good laugh like this one in a while,2025-04-03T23:49:35Z,2,0
UgwvgAyo2iM5r_eD0bt4AaABAg,@josephgonzales7828,"“what would black sonic be called?” 

Sonic the hedgehog 3: literally about black sonic.",2025-04-03T22:16:24Z,0,0
UgzLUVRnTi3xwmkvW3R4AaABAg,@Lord_Hxnor,lmaoaoao i love you guys playing this game,2025-04-03T21:56:16Z,0,0
UgxwH1vHTsOl3rb9oix4AaABAg,@sotoshikoruto6350,19:32 terrorizer with sound board is killing me,2025-04-03T21:37:27Z,0,0
UgwlfCmtoQhUYnsTPXN4AaABAg,@miguelrivera3534,“IM ABOUT TO BLOWW😫😩” 😂😂,2025-04-03T16:26:08Z,0,0
UgxAhnIg4vUDqPrqXAN4AaABAg,@hamzx0143,18:53 when everything starts going crazy this song pop up,2025-04-03T13:57:25Z,0,0
Ugxt97wLOJQFx_0ktgJ4AaABAg,@roychong1145,18:54 classic clown music again,2025-04-03T13:08:31Z,0,0
Ugyj219h7CJTFc-CYAh4AaABAg,@peeper2070,Watching Vanoss at the age of 21 I feel like a NONCE,2025-04-03T12:46:27Z,1,0
UgwsKJlQb7oD8aXZ-Il4AaABAg,@terifictaylor1076,I'm so used to marcel getting censored I got complete whiplash hearing sonic uncensored. Huge W,2025-04-03T12:00:02Z,0,0
UgwayoT8ujKt_wJMtn14AaABAg,@19sixtyviet,"19:10 I like how Vanoss is just watching and staying silent as he watches as the chaos erupts, then out of nowhere he starts giggling😂",2025-04-03T11:22:25Z,27,1
UgwcA03Y_DFIFDJ6_2N4AaABAg,@Standard_Congo,Play midnight murder club!!,2025-04-03T09:21:40Z,0,0
UgwqZeae8xNZg0ncPRd4AaABAg,@CarbonMar,4:40  they have assassin creed shadow skin?,2025-04-03T07:02:19Z,0,0
UgxqyM-1h3JMbAmqZKZ4AaABAg,@Reaper_Clan_87,"14:53 "" Eat a pan MothaFu-"" gets kicked by clown boot",2025-04-03T05:06:31Z,0,0
UgwJE2g86_bRuU6aQjl4AaABAg,@SpongBoyMeBob_,They didn’t censor the “sawnigga”,2025-04-03T04:14:42Z,0,0
UgyjpfhovlGcrGYaShh4AaABAg,@leojoyal7083,Missing h2delerious so much,2025-04-03T02:36:15Z,22,0
UgwRDI1IXqSbT2KxMJh4AaABAg,@TEKASHIN25,"I havent heard vanoss laugh that much in a long time, that’s amazing :) <3",2025-04-03T01:08:16Z,1,0
Ugy_4qt1efeDLstFoWN4AaABAg,@BluSniper21,That’s a long intro for this video.,2025-04-03T00:57:37Z,0,0
Ugzqt_PJdQJK1LfN4a14AaABAg,@xAlijah,18:08 the cotton eyed Joe,2025-04-02T21:34:20Z,0,0
UgzmrObtoSAIFb50GrZ4AaABAg,@jaydotte,9:04 wildcat is ready for duck season,2025-04-02T19:54:41Z,1,0
UgwhT40Zg33XbnuUETF4AaABAg,@hallowed1346,Nah terriroser saying I’m about to blow killed me lmao 😂,2025-04-02T18:54:22Z,0,0
UgwtSytAwY9isVJcOHp4AaABAg,@Frosty4Real,23:58 Evan's real laugh discovered? :P,2025-04-02T17:57:18Z,0,0
UgzLFv-4GNK2TjC6xAh4AaABAg,@IamIce_Cold,Marcel became a pimp named slickback,2025-04-02T15:56:22Z,0,0
UgxTr9vqxICTMyHEbsR4AaABAg,@Gamingdebest,10:35 hilarious 😂,2025-04-02T15:41:52Z,4,0
UgwTR8UqscoZM26RYKx4AaABAg,@jamiebrown8031,"22:25 I was in pure hysterics, just uncontrollably laughing",2025-04-02T15:09:48Z,11,0
UgwRUjmcLdhSmY-03wZ4AaABAg,@aeruz_444,1:37  damn bro that magic summoned an ad that's crazy magic,2025-04-02T12:46:41Z,3,0
UgxGI3BDYVibIONiirB4AaABAg,@ZeroNENDo8,2:44 I’m bout to blow,2025-04-02T12:37:46Z,0,0
UgyqX-AH5ZV-RJC_8ot4AaABAg,@Just-That_Guy7,"Point proven, if vanoss one day say the n word NO ONE WOULD CARE",2025-04-02T08:36:31Z,0,0
Ugxvhf-yq1g2b53CzBV4AaABAg,@LockheedC-130HerculesOfficial,customization? eh. kinda kills the vibe,2025-04-02T08:26:31Z,0,0
UgzZEPMVIV8KItLcmc94AaABAg,@dRmShadowKiller,I'm pretty sure black sonic- is just shadow.,2025-04-02T07:00:30Z,0,0
UgyXxOFO8vLNiNc17hZ4AaABAg,@CowboyKuntry25,Who would’ve thought A Pimp named Marcel was what I needed to start my day 😂,2025-04-02T06:51:23Z,0,0
Ugz1zTWVAIJcydqci314AaABAg,@TheRedCardinal01,This video was so good,2025-04-02T06:45:40Z,0,0
UgxGZIOdpzKQHsL85cx4AaABAg,@kjb6988,Let’s all do our own rap battle ok ? Chiken wings chiken wings 😢 come a long way,2025-04-02T04:58:23Z,0,0
UgzuBvq2Nrcra6v-Xht4AaABAg,@tuberhang2,"R.E.P.O. new update, wow!",2025-04-02T04:36:02Z,1,0
UgwXyf4epsMqs6dmX_F4AaABAg,@lxx420jesusxxl3,Bro I’ve been away from this channel for 8 years how are you still so damn funny,2025-04-02T04:34:08Z,0,0
UgwCbT_LsKn92GKJFrR4AaABAg,@MischiefWaffles,We all know pasta and nolgla friendship is the best there is like it just pure funny and strong. We needed this to get though this year,2025-04-02T03:48:05Z,3,0
UgxIxBwIeokgppOzkU54AaABAg,@imadrummer6494,4:19 Marcel in the back still changing outfits 😂,2025-04-02T02:46:51Z,1,0
Ugxk6gGvoH_VzNrmOJt4AaABAg,@Sorry_01_27,1:09 not even 5 mins in and already presented with a highlight,2025-04-02T02:44:16Z,0,0
UgwQfoHPbvrOE8Z3QoJ4AaABAg,@FIX7UR3,who is ben,2025-04-02T02:31:37Z,0,0
UgxBHKq6JZTWvui7RbV4AaABAg,@otter1408,22:15 As soon as Ave Maria started playing you know they're not going to make it.,2025-04-02T02:08:11Z,14,0
Ugzd_eCilXhXXJ-T8RV4AaABAg,@terriblegamer5777,play schedule 1 with H2o,2025-04-02T00:44:11Z,0,0
Ugyt6REmhztV3GnJ4gx4AaABAg,@Digital-Hero23,Pretty sure black sonic is called shadow 😂😂😂,2025-04-02T00:19:38Z,0,0
Ugx9k2PsWIoMSWVikVF4AaABAg,@stingingcashew2321,17:06 really sounded like someone's last dying words,2025-04-01T23:28:37Z,1,0
Ugx_CwkQt5wD2f1kdQt4AaABAg,@spartanberad,I keep hearing the Reaper laser from Mass Effect and i can just imagine the Vanoss crew as the Normandy crew,2025-04-01T22:14:51Z,0,0
UgxGf9bKe2bQk1aV_vR4AaABAg,@DerWunderGatt,Please play Schedule I!!!,2025-04-01T21:50:46Z,0,0
UgxTfQVujl1xLTEKinZ4AaABAg,@xhotcheetodudex,never thought wed get a dreamybull crossover lol,2025-04-01T21:12:17Z,0,0
UgwRuBrs9I3G1mn7SYB4AaABAg,@Danny-eg9dj,if brian’s character doesn’t show up call him errorriser,2025-04-01T20:32:50Z,1,0
Ugx0vPngTNjwihv84o94AaABAg,@Nemesis_carnage,10:41 i mean it’s called a weeping ‘angel’ for a reason,2025-04-01T20:16:44Z,0,0
UgzR2F4hm4Vako5lJMh4AaABAg,@DreamsWithDragons,22:23 you know shits about to get real when Ave María starts playing 😂,2025-04-01T19:53:57Z,63,0
Ugwh8wnpmHPPV0lQthp4AaABAg,@DreamsWithDragons,"16:23 you see, THIS is what pasta can and does being to the vanoss crew table lmfao that was COMEDY",2025-04-01T19:41:21Z,2,0
UgyTHdH7ebuQBfsFebZ4AaABAg,@ArkhamKnight149-z2t,Iim going to see Minecraft my dad  Saturday,2025-04-01T19:40:20Z,0,0
Ugx1o5LD-jWm1fwOKr14AaABAg,@ArkhamKnight149-z2t,I'm. In movie Minecraft at school playing Minecraft in vr,2025-04-01T19:37:32Z,0,0
UgyuuUGBF-8THUXVRxx4AaABAg,@DreamsWithDragons,Dude this game is just watch your friends die simulator 😂,2025-04-01T19:29:54Z,0,0
Ugy0Xw4M86k7KVynQnN4AaABAg,@Wales34,Can we get a compilation for the amount of times Wildcat failed to prank someone this vid lol?,2025-04-01T18:22:53Z,0,0
UgzYcLoymOZSJedX8E14AaABAg,@germans_lol7259,"Pasta: Ill do one of those twitter things
Lui: if your gonna threaten me then do it properly",2025-04-01T18:15:55Z,0,0
Ugz0hLn1dYd8pjnlWGV4AaABAg,@benthefatman7218,How does he not know me?,2025-04-01T15:04:06Z,0,0
UgyhE4z9t2kYNX3W4WJ4AaABAg,@domocashro,I like how at 19:00 vanoss is just watching everyone 😂,2025-04-01T13:54:58Z,3,0
Ugz2j3fQ6RUrMUPDd914AaABAg,@staytrueandrevolt_STAR,play Roblox Forsaken,2025-04-01T12:47:32Z,0,0
UgzapXaXfjYBkzR761B4AaABAg,@vonx9813,"Pasta was actually right on both the macarena and the electric slide. 
The macarena comes from southern spain, the spanish are White. 
The electric slide comes from a guy called ""Richard L. ""Ric"" Silver"", a White man, who created the dance in 1976. Thus, both are in fact White dances.",2025-04-01T11:24:29Z,6,3
UgyGhOGOQ9CdhsgSy3V4AaABAg,@KevinKevin-ug6cg,Marcel keeps changing skins lmao,2025-04-01T11:05:42Z,0,0
UgySoHbEhQw_D3EA0MB4AaABAg,@LarvaMovies-9898,The content is so good that I can't miss even one of his videos 😘🥰,2025-04-01T10:18:40Z,0,0
Ugzw6MBadGJrVWNwW-Z4AaABAg,@ExtinctCobra,"Where’s Cartoonz and Delirious , I miss them in the videos!",2025-04-01T09:20:08Z,0,0
UgweNouH9sf3t4R8rSl4AaABAg,@General_wesley1,I need the modlist,2025-04-01T07:47:40Z,0,0
UgwIAS3IXTpMGTgryiR4AaABAg,@sergiogalvan7849,Please play schedule 1 😂,2025-04-01T07:20:26Z,0,0
Ugxeh6ZVMfwhPREarQ94AaABAg,@michaellee7674,Play schedule1,2025-04-01T06:52:29Z,0,0
UgwjEdOBVJ3d2Y-w1Tt4AaABAg,@LittleSweater125,"Pasta is definitely my new favorite Vanoss crew member, i love her accent",2025-04-01T06:47:38Z,1,0
Ugy7SeQkhgxAUAQVA-p4AaABAg,@tylerr480,Didn’t know the whole vanoss crew were Canadians (according to South Parkto),2025-04-01T06:26:04Z,0,0
Ugxu3pPVP8bqJ-MpNSJ4AaABAg,@OmarRamirez-n4y,"sonic vs the big guy, that battle was legendary!!!!!!!",2025-04-01T06:13:52Z,0,0
Ugxs54ENdOjKT5zaQk14AaABAg,@kingofdecay12,love the mass effect reaper laser noise such a good touch,2025-04-01T06:05:14Z,2,0
UgwD4zGt0G5NGVmHQ5p4AaABAg,@luisgarcia-iz6np,10:42 back with the perfect angles Mr.Vanoss,2025-04-01T06:01:22Z,1,0
UgxE23MBHpvAIUxvls54AaABAg,@proxyfrog9465,"Dude, I LOVE your new music! So good!",2025-04-01T04:55:34Z,0,0
UgzT_DX-nm5Xt3A2CUJ4AaABAg,@lucias753,"Will say , La Macarena is from a Spaniard band , not from Mexico but we dance it at any party",2025-04-01T04:53:35Z,0,0
Ugx4uDiNdfC2QFQe5FZ4AaABAg,@jeff21gaming59,nah the elden ring boss battle song was perfect for the statue rising,2025-04-01T04:25:50Z,0,0
UgzNzOw6xmm9NhKuX1p4AaABAg,@RaiderRojo167,'What would black sonic be called' i think they named him shadow..?,2025-04-01T04:11:24Z,0,0
Ugw9ZcHG1ryifidDXQh4AaABAg,@yomust0of,im aboUT TO BLOOww,2025-04-01T04:10:56Z,0,0
UgwcfSB3ovEjC-EYNkV4AaABAg,@Samuel.Dotson,I can confirm that the electric slide is a black person dance,2025-04-01T03:39:52Z,0,0
UgylDxMwT3kbXo6aQ7x4AaABAg,@Timoalz,6:04 HAD ME DYING TILL 3AM😂🤣😂🤣,2025-04-01T03:30:39Z,0,0
Ugw1UI4TJhPHPr1r25x4AaABAg,@kailskiii,It feels like vanoss is just a camera man sometimes 😂😭 bro don’t be helping in the games,2025-04-01T03:14:03Z,0,0
UgzMxut6MVfkTJvUpu54AaABAg,@skrrtskkrrt3245,15:51 A pimp named Slickback,2025-04-01T02:21:52Z,0,0
UgxlmZDHDaCSE5hFutV4AaABAg,@SomeoneWeDontKnow-i5k,9:20 yoo wildcat knows doctor who!!!!,2025-04-01T01:48:05Z,3,0
Ugy-u2HG9kbOtCyL8f94AaABAg,@vix1027,I have a suspicion that this video will be dealing with YouTube anytime from release lol,2025-04-01T01:27:26Z,0,0
UgxcS4kxdaBIvV3cEwt4AaABAg,@jaydeejohnson7,"22:22
Pure cut with Ave Maira",2025-04-01T01:20:24Z,0,0
Ugxmkjgtp6Td2KGINpJ4AaABAg,@Slytherinstnr,25:47 I was a day late but still a funny video!!!,2025-03-31T22:39:55Z,1,0
UgyVQcNYbwbHDfZ5YE14AaABAg,@camera_man115,"I don’t remember weeping angels being that easy to deal with in Doctor Who
10:37 
Yeah that’s about right",2025-03-31T22:33:41Z,1,0
UgzXCgV5M56o9fpXAw54AaABAg,@SoloishMC,It would be jokes if yall invited Caseoh along side with yall,2025-03-31T22:29:06Z,1,0
UgxbT8Pyvc7DRimgQCt4AaABAg,@Benji_-xz6cs,i am the ben,2025-03-31T22:29:03Z,0,0
UgxSY5l1qjMV4RlsqSB4AaABAg,@Jack_Jazzhands,Fun Fact: You cant lorewise kill a weeping angel.,2025-03-31T21:59:50Z,8,0
UgymiBbZtZUXSrOQe194AaABAg,@dice9270,15 min in and pasta has had like less than a min and a half of screentime 😂,2025-03-31T21:19:22Z,1,0
UgxHaptwmxv4JTGDmCJ4AaABAg,@hudeyfaalkurdi4774,What mods are these and how can I get them?,2025-03-31T21:19:02Z,0,0
Ugyrm9DIXHjml25CkOF4AaABAg,@foxtrot570,"Ladies and Gentlemen, can I borrow a second of your time AND REPORT THESE FCKING YT BOTS! Thank you, have a great whatever time it is and enjoy the video ❤ (No, I'm not a Bot myself, my icon is not b1tch4ss)",2025-03-31T21:07:35Z,0,0
UgxXRO02lw3vKknL4sZ4AaABAg,@KingstonX50,This is literally the GTA and GMOD days all over again,2025-03-31T21:06:03Z,0,0
UgxSb1UxnsGqOGwBKMt4AaABAg,@jakeortale7352,Is women’s history month over yet? Is the month over? 😂,2025-03-31T20:57:18Z,0,0
UgwRmTBEQ7U9bQC9O_J4AaABAg,@kunaiwithchain5278,Ambatublou truly gives the greatest pep talks,2025-03-31T20:55:42Z,0,0
Ugy_I9n3koGN0pnZEet4AaABAg,@itzizzy7784,MISS MELAN-CHOLY WHAT DOES IT ALL MEAN,2025-03-31T20:52:03Z,0,0
Ugy-30Lp_PRSWNWS_4h4AaABAg,@Asha-t3u9q,"18:50 - 21:07 Vanoss spent the entire 5 minutes wondering, ""What the hell is going on here?""",2025-03-31T20:32:12Z,0,0
UgzyO4pBgvUvbnCi0T94AaABAg,@nathanhill3399,16:15 a really natural and hilarious skit with Pasta. Loved every moment.,2025-03-31T20:31:03Z,63,0
Ugw4fBSs3ae-pN4t7AR4AaABAg,@Indulgent_S,Omg this game is so damn funny bro🤣🤣🤣,2025-03-31T20:16:08Z,0,0
UgyvJeI7eAxo1pxF_z94AaABAg,@Darkanimeking23,"8:32 When pasta says ""Oh for fock sake"" and then the scream cracked me up every time, because of the timing of it",2025-03-31T20:05:21Z,97,0
UgzntGIG7-TEs3j1DDF4AaABAg,@supernatural_faith,yall gotta play Schedule 1 plsss,2025-03-31T19:59:08Z,0,0
UgwmyTZvWsvQ9ms221J4AaABAg,@TheFigureLegend,10:38 IM NOT DONE YET,2025-03-31T19:52:28Z,0,0
Ugzv-H3hBW3_9rhM7ft4AaABAg,@Hot____Sauce,pasta is lowkey starting to sound like them. 8:29,2025-03-31T19:45:30Z,0,0
Ugy0Iha0ZaNOq52dUeB4AaABAg,@RadicaLxLightninG,"16:44 Well, as a southerner myself, I do believe she can be a fine “Georgia Peach.” 😏",2025-03-31T19:41:09Z,0,0
Ugx19t7ZRWmR8C4xwS94AaABAg,@arragon5481,"Pasta: “it’s a white person dance. I’m gonna google it.”

Please never change guys XD",2025-03-31T19:24:30Z,1,0
UgwI6-G2Qe5tVQnFE6R4AaABAg,@dylanmeyer556,This is honestly the funniest video I've seen in a while.,2025-03-31T19:20:40Z,1,0
UgyGmCJvF1GVTFXT92t4AaABAg,@trapsisgood3025,also loved that ending,2025-03-31T18:50:20Z,0,0
UgygpTKIJhj_7pRWd7B4AaABAg,@trapsisgood3025,18:55 dude vanoss had the best pov for this,2025-03-31T18:41:38Z,2,0
UgwakkWQEMhbo57tb-x4AaABAg,@Hanzotaco,can you please post a mod list for this,2025-03-31T18:27:13Z,0,0
Ugy_RpdfTbViy8sTd8l4AaABAg,@Penspunk1967,"What would black sonic be called?
Me: Shadohhhhh",2025-03-31T18:13:23Z,0,0
Ugy99rrzbA0nZGRJcId4AaABAg,@domsmash8,"""what would back sonic be called? "" dark sonic in question",2025-03-31T18:00:28Z,0,0
UgyhgKv-lMLRIH2KfJ14AaABAg,@SpeedMaster642,22:31 I knew something was going to happen when that song started playing.,2025-03-31T17:32:17Z,39,2
Ugzdz2CrjXkANbsdDxN4AaABAg,@randomjeff3141,10s in and i know this video is great 🤣🤣🤣🤣🤣🤣,2025-03-31T17:27:24Z,0,0
Ugw-S8zYAH7fLsAJDS54AaABAg,@BleedingOrchid11,2:44 the greatest cameo ever,2025-03-31T17:04:05Z,0,0
UgzthRRE0JXVOIU4TQd4AaABAg,@davidcooper3910,25:27 Miss Melancholy is so fire dude,2025-03-31T16:56:02Z,133,1
Ugwd__vu5_uvTqxaJeB4AaABAg,@isaiahmedina2263,this has to be one of the funniest videos i watched inna long time my goodness im crying laughing,2025-03-31T16:54:22Z,1,0
Ugyz6_w-h-GjWIseybN4AaABAg,@2010Greendayfan,"As someone named Ben, I’m happy to hear I got a skin!",2025-03-31T16:34:48Z,0,0
UgzocTbSME_D5GC8EhJ4AaABAg,@hell_diver_jason5553,1:10 sonigga coming through gotta go faster faster,2025-03-31T16:33:38Z,0,0
UgzXGYBt9EwkmmSDT0Z4AaABAg,@gvlopes8571,What would black sonic be called??.....shadow maybe...,2025-03-31T16:32:56Z,0,0
Ugw_UNad_EhZFBFIzr14AaABAg,@OgnjenRadojcic-bk7jx,The start bro,2025-03-31T16:31:55Z,0,0
UgxeJ_n2ZFskinJMFx94AaABAg,@marion531,"1:07 ""what would black sonic be called?"" isnt that shadow? lol",2025-03-31T16:27:16Z,0,0
UgxWCGugvKS6lAaVo4B4AaABAg,@danegatlin7897,Would have been hilarious if pasta had a skin before Marcel,2025-03-31T15:58:38Z,0,0
Ugz6bRbtixTd6LuLEyl4AaABAg,@RimWorldRimmer,“I’m bout to choke a b#### I swear to god” a pimp down,2025-03-31T15:43:15Z,0,0
UgwDfJ45tS-iRzOqUuR4AaABAg,@yunggodronin357,10:41 the dark souls theme got me 😭😭,2025-03-31T15:15:03Z,3,0
UgwQqeDgjZwS59gGHpl4AaABAg,@SyndicateZA,15:54 basicallyIDoPimpin,2025-03-31T15:04:07Z,2,0
UgwcIVmgVSX6XgcKRit4AaABAg,@roxythesexydevil2001,"My birthday was yesterday, March 30th.",2025-03-31T15:02:29Z,0,0
Ugy5sVim0xJTrw4ZtUJ4AaABAg,@benmanbent,as ben i do indeed know a ben,2025-03-31T15:00:54Z,0,0
Ugy50lcBOkIe5Lx8wq94AaABAg,@j_v159,9:03 Classic Tyler,2025-03-31T14:43:20Z,0,0
UgwRi8f2oVVRIpKNzzd4AaABAg,@jastinbalanquit,1:11 this video will be reuploaded for sure just for that scene moment lol,2025-03-31T14:40:13Z,1,0
Ugxzz6ffZS8TDw2YX414AaABAg,@slayallrebels5996,"10:40 ""It's time, Weeping Angel so good it got a sequel!""",2025-03-31T14:32:10Z,3,0
UgzlSjtpJI_plEH8QpR4AaABAg,@raveboymtc2448,10:41 Boss music goes hard,2025-03-31T14:20:43Z,0,0
Ugzr7GxqvcIl9juEhWJ4AaABAg,@BenjaminLee415,I MISS SARK 🙁,2025-03-31T14:02:15Z,0,0
UgxsQvFX37BZgl47jN94AaABAg,@jeorgecabrera3898,I love Luis laugh so much it’s so contagious😂,2025-03-31T13:44:40Z,0,0
UgxPk5x_KwQg3390QSp4AaABAg,@tiggert39,10:41 ngl that's lowkey scary asf 💀,2025-03-31T13:44:37Z,0,0
Ugzblz0nb8EVyysNI9Z4AaABAg,@GoldenRedden7825,21:31 This feels like that one video of a jamaican guy misses a cut a coconut,2025-03-31T13:38:22Z,16,1
UgzVbSyK8nCk1FXAbdt4AaABAg,@HaviJarl,Love the outro song!!!!!!!!!!,2025-03-31T13:34:04Z,1,0
UgymiJbsl3L23PyEcll4AaABAg,@GodOfSleep_04,Is Brian ment to be jimmy Saville?,2025-03-31T13:25:25Z,0,0
UgwpUFh6TqLU8Kky_154AaABAg,@Zachiesgaminghub,Goes for in real life too 😂😂,2025-03-31T13:25:20Z,0,0
UgxDVs-wMTFs7CGgEzV4AaABAg,@P4RAD0N,easily my favorite REPO vid I've seen,2025-03-31T13:13:25Z,0,0
UgwnOqZNKzyRYmsi4414AaABAg,@prodbyrodzzz,"This is the game the group needed, they are so back",2025-03-31T13:11:07Z,3,0
Ugwm0dAAUT-E79hlKx14AaABAg,@kaijyuusan,dr.who~~~~ omg~~~~,2025-03-31T12:49:00Z,0,0
UgxKpEbiOys6aIGpXMJ4AaABAg,@E-ZUUL,1:03  black sonic would be called SEGGA,2025-03-31T12:04:08Z,0,0
Ugzhvh2whbYEIN-luuZ4AaABAg,@mrpogi1745,"I liked to support this game, but I've been seeing a lot of knock off repo in Roblox and a lot of people support the knock off instead of the original repo",2025-03-31T12:01:45Z,0,0
UgxqTGuONiDJ1XoxymB4AaABAg,@phlegethon666,"I must disagree with the fundamental meaning of the title, they in fact, ""DO"" mix 😂",2025-03-31T11:28:15Z,0,0
Ugzm8sjp7ynTc1cUM-F4AaABAg,@defcon4824,I freaking lost it at 10:40,2025-03-31T11:25:25Z,0,0
UgxNrMjhzzcpbfkpdq54AaABAg,@BladedAngel,"18:00 I'm shocked Pasta being the Southerner didn't just mention SQUARE DANCING
That shiii white ASF",2025-03-31T11:25:05Z,1,1
UgyFQ_CQInCQH11xYWd4AaABAg,@Specter_ZO6,“Black Sonic” you mean shadow??,2025-03-31T11:18:31Z,0,0
UgwudVqYbLhvVXND5IZ4AaABAg,@tbenke6261,"Hey vanoss, let Marcel know that the person who came up with the electric slide is named Richard ric silver. He was white",2025-03-31T11:12:06Z,2,0
Ugz-dxdZNyp8t_utC_d4AaABAg,@lewissmith6350,10:40 The dark souls music as the weeping angel rises from the hole might be one of the funniest things I've seen this year so far,2025-03-31T10:33:35Z,378,0
UgwnqBDSFFJ6MohAh-N4AaABAg,@didusty779,Vanoss  just watching the chaos will never not be funny,2025-03-31T10:18:21Z,0,0
UgzcuwfNcDw9JRqwvQR4AaABAg,@christiansantana9985,"at 22:24 the music could not have been better timing as I watch a reddit post, where a bus driver faints and a student takes the wheel to safety.",2025-03-31T10:02:08Z,0,0
Ugzbkq0D4GKxGmgQofd4AaABAg,@Rinharty,love the outro songs,2025-03-31T09:57:19Z,2,0
UgzcOxNIw0Rus_1RqeF4AaABAg,@tearohalagaluga4697,This was great,2025-03-31T09:52:23Z,0,0
Ugw7KLfixBSGeAveEq94AaABAg,@connorgraham6063,"""What would black sonic be called?"" SHADOW!",2025-03-31T09:41:02Z,0,0
UgxtMxQoeXd7GTaZNWh4AaABAg,@josepha.4516,"Man, people better save this before baby YouTube throws a tantrum again.",2025-03-31T09:35:49Z,0,0
Ugy0AnTtReuwMJXunU14AaABAg,@Luke-lf4tn,What would black sonic be called? Pretty sure that’s shadow isn’t it 😂,2025-03-31T09:23:56Z,0,0
UgwyU-9lfLbgRnyNFvR4AaABAg,@evanparker3586,never thought i’d heard souls music in a vanoss video,2025-03-31T08:49:49Z,0,0
Ugy6UdDKoe3NWldp6Mx4AaABAg,@what3712,Can someone send me what mods they use,2025-03-31T08:34:57Z,0,0
UgyhP7sjC4ZXAmb7o094AaABAg,@alexgzsalinas,Moo would've loved to play REPO,2025-03-31T08:01:46Z,2,0
Ugym3GrXEX1oJD0UAU14AaABAg,@GHoPLAYZ69420,Nice game,2025-03-31T07:56:02Z,0,0
UgxXMu7NN13FG3xxs9Z4AaABAg,@Xycomm,Pasta is noticeably having an effect on the viewership,2025-03-31T07:44:56Z,9,2
UgwCe7rMWjckSfSoTvN4AaABAg,@president_casper,Im glad lui is playing with everyone now,2025-03-31T07:21:42Z,0,0
UgxNlVnZuGp55E1kta54AaABAg,@moistcurdle8719,3:08 the mass effect reaper laser sound gave me ptsd 💀,2025-03-31T07:17:19Z,0,0
UgxhtQnTj4QDBgCluk14AaABAg,@tatsumaki_kaito,Game of the year right here,2025-03-31T07:11:17Z,0,0
UgyViCPc0c_NcNeXwb54AaABAg,@Ani8900,"0:07 really dude😑
0:13 the moral of the story is: karma is a B#*%!!!🤣",2025-03-31T07:10:09Z,0,0
Ugx67ni8X2DLZPATsmB4AaABAg,@wargodyt1602,Who’s here in 1869?,2025-03-31T07:06:26Z,0,0
Ugzn5qeGdK344b8w_Mh4AaABAg,@Darkness_Ensues,"No one else is gonna notice that Marcel’s costume is A Pimp Named Slickback, or am I late to that party?",2025-03-31T07:05:16Z,0,0
UgzMWMGYJjGD0uC74Xl4AaABAg,@viva_la_nature,So Lui does record... Just for the boys,2025-03-31T07:05:00Z,0,0
UgwQffEPqRXeGHSQsLN4AaABAg,@mangaming1942,2:42 Brian is so goated for this,2025-03-31T06:55:47Z,1,0
UgyLMkRdbLMpfi6BLUd4AaABAg,@GunhoYT,when is a schedule 1 video coming bro 😭😭,2025-03-31T06:48:21Z,2,0
UgzdAbSRomDjUbtqxq14AaABAg,@JohnMiller-dc8jf,"""ice ice baby"" had me dieing 😂",2025-03-31T06:24:53Z,0,0
UgwvWtJcifbSYK1Wo8B4AaABAg,@matthewarkell3029,Always enjoy some dark souls boss music,2025-03-31T05:58:14Z,0,0
UgzrVvW3nbR5yOFL_I54AaABAg,@Black-Gio,Day 79 of asking Vanoss if he can play Yu-Gi-Oh! Master duel with lui for a video idea 💡,2025-03-31T05:36:35Z,0,0
UgyiEcnjEbIjPksq4W54AaABAg,@phdrobe3490,Are you guys still playing with delirious?🙁,2025-03-31T05:35:39Z,0,0
Ugxc8s5lyt4zpRo4QKR4AaABAg,@ButterButler2025,15:04 cool reference,2025-03-31T05:33:51Z,3,0
UgwyEVccwQjvETkathh4AaABAg,@EG-0611,Every second of this video is gold. It worth the wait. Also does anyone else notice that no N word had been censored.,2025-03-31T05:33:32Z,0,0
UgwW31-hMTg29rwxwxh4AaABAg,@Bouldr_Punchr,haven heard vanoss laugh like this in a while,2025-03-31T05:30:30Z,3,0
Ugwkl7ttS1G3EVcR-D54AaABAg,@flopking6990,19:05 has to be Brian’s funniest moment,2025-03-31T05:27:01Z,5,0
UgytX9KX8DtWbAopiKZ4AaABAg,@sergeantdornan3833,4:28 Noooo fuqing way he made that joke 💀,2025-03-31T05:26:24Z,1,0
UgzPJDOAxMwIANTPtWR4AaABAg,@AlecLongmire-jw3or,10:37 seconds is the most devious boss battle they’ve had with the crying angle flying back into a second phase,2025-03-31T05:24:48Z,0,0
Ugw_kjNT1Q8WDpGeuVB4AaABAg,@AccismusArcade,18:11  The cha cha slide is the dance they taught everyone at my highschool. That and the Cupid shuffle.,2025-03-31T05:21:38Z,0,0
UgwOzmZyUcdaw0lu1XB4AaABAg,@xzolonx2796,2:43 im about to blow 😫,2025-03-31T05:20:58Z,0,0
Ugx8UIWjmuUDfa3P2Jh4AaABAg,@alexcastle1994,The costumes are ok I like it better default,2025-03-31T05:20:43Z,0,0
UgytYJY3T_CL4UNF-7J4AaABAg,@MusicalStoryChannel,Was that Lui's POV at the beginning?,2025-03-31T05:19:15Z,0,0
UgxUGVsOFOW1D1Xkbtl4AaABAg,@madmanf1179,12:11 definition of karma 😂,2025-03-31T05:11:45Z,3,0
UgyG_J8CSBjj6DdsAsl4AaABAg,@Fearful_dweeb,13:16 i love how Vanoss focuses on Lui mostly while the others leave its like Lui and Vanoss are childhood friends☺️✨ ofc they all are childhood friends but Lui and Vanoss are something new and special,2025-03-31T05:08:26Z,19,0
UgxqQY2OTnDY_SE6okt4AaABAg,@PoptartAnimates,Miss melancholy is such a good song,2025-03-31T04:57:37Z,1,0
Ugzt_57ca_sMC4nvuMR4AaABAg,@loafofavocado,surprised no one said the cupid shuffle,2025-03-31T04:50:22Z,0,0
UgwAi_C-6E8aOKIDbol4AaABAg,@chetakchourasia,Brine should have had a nazi helmet or stupid horse and marcel with native american hat.,2025-03-31T04:46:03Z,0,0
Ugxk-IowvR4TDwApBHp4AaABAg,@EricEgot,I Can't wait to see more😂,2025-03-31T04:37:38Z,0,0
Ugy7M8TxAILHh7Pt5OJ4AaABAg,@malarkeymoe390,Miss Melancholy,2025-03-31T04:36:17Z,0,0
UgzyNsJF3Y36PSa6fed4AaABAg,@nensha5084,god this game plus the vanoss crew is a legendary combination,2025-03-31T04:32:02Z,10,0
Ugzrpks7JNHzozvVuFF4AaABAg,@Diabeto116,Y don't they play with delirious anymore??,2025-03-31T04:30:48Z,0,0
UgxiMDNnrw-K_H2AbVF4AaABAg,@JPJ1608,"Moral of the video:

Don't make fun of people's bad directions. Karma WILL strike.",2025-03-31T04:25:41Z,2,0
Ugy6uFbJ-OVPKEi1AGl4AaABAg,@TTVMessy,"Play ""The Closing Shift"" with lui",2025-03-31T04:25:32Z,0,0
UgzCht175CGImSGD2mV4AaABAg,@zerowo7189,dreamybull audio in a vanoss vid is crazy,2025-03-31T04:23:32Z,2,0
Ugyj4x9p0wiCPuOZehJ4AaABAg,@NamelessGamer29,That title pretty much sums up the Cold War,2025-03-31T04:21:34Z,2,0
UgwMaND41PDpite-aX54AaABAg,@Poiyokai,15:05 that super nintendo ryu tatsumaki sound effect XD,2025-03-31T04:11:14Z,0,0
UgwyDdSV0lfu8Tiph0Z4AaABAg,@mahkeezz,"6:53 all i can think of is the
Dont be a menace scene with the nuke

And 15:50
A pimp named slickback",2025-03-31T04:06:49Z,5,0
UgwUQrWqv0e3FMEQoV14AaABAg,@Burritomuncher556,glad to see the majority of the crew in videos with Lui again!,2025-03-31T04:05:15Z,17,0
Ugzg5Kqe45Iz02f8kTp4AaABAg,@williamewart63,the weeping angels omg,2025-03-31T04:04:59Z,0,0
UgyrKqown_buAK3xZbZ4AaABAg,@MaskedRoninYT,I had to watch 4:29 3 times before I went “ahhh . . . HAHAHAHAHA”,2025-03-31T03:58:56Z,0,0
UgwLizKvW41dM9hR1DZ4AaABAg,@never_ending2220,I was literally just watching the last 2 and was hoping for more!!!,2025-03-31T03:56:13Z,0,0
UgyIkgKboSAh1whFQJp4AaABAg,@minhkieu21,A pimp named basically I do work,2025-03-31T03:49:46Z,0,0
UgxXLees9ElaAbA901Z4AaABAg,@bengomez8279,My names Ben and that is indeed my skin,2025-03-31T03:45:06Z,0,0
Ugx16Utd8O0YBynsz494AaABAg,@DeadBunnyXvX,1:08 its called Shadow the Hedgehog you moron,2025-03-31T03:41:00Z,0,0
UgyAYwBX3V1PXAbfEzl4AaABAg,@morales0729,Glad Brian has another female to be bitch y with.,2025-03-31T03:40:30Z,0,0
UgxU3jSd2ZLugonNYhp4AaABAg,@Lovantaquan,1:11 Wildcat has The pass no doubt,2025-03-31T03:40:06Z,2,0
Ugx16YLdUGtlRVNuGEB4AaABAg,@xgetrektx3144,Pasta hasn’t done much lately in this videos,2025-03-31T03:34:08Z,0,0
UgyyZ0VOzMtSRjSVWo14AaABAg,@BANANAFREAK212,"18:58 all of this was like ""the silence was so loud"" ahh moment 😂",2025-03-31T03:33:58Z,1,0
UgzjDCsjF7Qx_JbcSWl4AaABAg,@ChenWeeTodd,YOOOOOO MR.Vanoss put me in his title! My hero ❤,2025-03-31T03:33:08Z,0,0
Ugzw0J-5PQGWxKkDvsp4AaABAg,@KomaaGod28,You know shits about to happen when lacrimosa starts playing,2025-03-31T03:31:55Z,0,0
UgxYK7HFvAyL4tLzHPx4AaABAg,@tylerbartlett28,"Sonigga is sogonna get this vid re-uploaded. And niggasaki. Also, 15:53 A Pimp Named Slickbasically",2025-03-31T03:30:05Z,0,0
Ugwi3IaKntVcslgOrGh4AaABAg,@chi3f00,No Mario is nice,2025-03-31T03:21:18Z,0,0
UgyPNAkb8COHz-MlmgR4AaABAg,@JamesSanziJr,Do you guys still play GTA online,2025-03-31T03:16:04Z,0,0
UgzBbeFGJx-ZceLTP8t4AaABAg,@bradyschwartz3876,bro putting the word in the title now😂😂 how does he keep getting away with it i love it,2025-03-31T03:14:58Z,0,0
Ugzvn77p4fu1taTOzlR4AaABAg,@KillerGal007,I need to invest into mods on repo... Lmfao,2025-03-31T03:12:59Z,0,0
UgxDU0Mvn3nIja7UXmp4AaABAg,@hmzzlks-ku8nd,"YES FINALLY
FUCK YES WEBCAM POST ANOTHER VID LFGGGGG",2025-03-31T03:04:24Z,0,0
Ugz7hYGtCzg_NPGg7yx4AaABAg,@Miguel.02303,The title bro 😭,2025-03-31T03:02:31Z,0,0
UgwO5976XdG2lGkMLOd4AaABAg,@imhigh.933,22:28 I swear bro the Fart Sound effect was so needed 😭😂,2025-03-31T02:55:13Z,103,4
UgwE333AhHJ4obrQedV4AaABAg,@Duo_Colors,12:15 Karma’s a bitch.,2025-03-31T02:45:02Z,6,0
Ugz0ifUPQsqzoKAg2tB4AaABAg,@VIPERGAMING-v6v,15:49 A Pimp Named Slickback.,2025-03-31T02:42:11Z,0,0
UgyY1UuivgcYKdYPGcd4AaABAg,@Inkrandomnumber,We need more Pimp Marcel,2025-03-31T02:38:30Z,0,0
UgwlAKGVPEVa3F7cmyp4AaABAg,@EntertainmentCAE,Miss melancholy goes so hard dude,2025-03-31T02:36:14Z,9,0
UgzMGXIG7Rcwe8LTDC94AaABAg,@haydencox8006,6:52 BREAK YO SELF FOOL BETTER GET ON OUT OF HERE BEFORE YOU MESS WITH HEIROSHIMA AND-,2025-03-31T02:35:15Z,0,0
Ugxvm6pADMTMado1b-B4AaABAg,@almxst-napalm,No one realising that terrorisers costume is Jimmy savile💀😂😂,2025-03-31T02:29:34Z,1,0
UgwUFPGcHvPYsA4fLmh4AaABAg,@MrREDSTAR20,25:01 yoink lol I legit didn’t even notice that until Brian pointed that out.,2025-03-31T02:29:22Z,2,0
UgzMICmUWm-5n3UCflJ4AaABAg,@worldsfinesteamup,"Hello, Humans 😀🖐
A negative mind has a difficult time reaching it's full potential. The world already puts limitations on you, but never limit yourself.

TERRANCE OUT",2025-03-31T02:28:18Z,0,0
Ugx5Jj0h0E0-ksJK_5x4AaABAg,@applekhi3962,"""Nukes and Weetods Do Not Mix"" I can already tell im in for a good time",2025-03-31T02:23:15Z,0,0
UgwJHryyEyJSTJ8TujF4AaABAg,@drdred4195,Brian assassinated Tyler with that throw off 😂 No one new and his head popped out of the hole and into the cart,2025-03-31T02:22:33Z,0,0
Ugzy7MNx5OPTEESKv6R4AaABAg,@hector4375,how is sonicka not blurred sob,2025-03-31T02:19:22Z,0,0
UgyX5zobTOBT0qgheyd4AaABAg,@ilfb3369,Day 2 as an OG vanoss viewer asking to bring back Dead Realm content and bring it back in the steam store,2025-03-31T02:18:35Z,0,0
UgxVgq9Nth0skHc1Zdt4AaABAg,@legomanbekfast7061,That was a sick as frame when you turned wildcat into the ice police,2025-03-31T02:15:13Z,2,0
UgwWQZ7JDU2CqWa3SMR4AaABAg,@Djent_Djenerator,4:29 is diabolical,2025-03-31T02:14:27Z,0,0
UgzdlqZybWew4RQL3xt4AaABAg,@ulyssesquintana,"The less pasta there is, the more fun I’m actually having watching the content 😂",2025-03-31T02:11:10Z,0,0
UgxNFXnukZpRKNbor0J4AaABAg,@minttea6614,Honestly LOVE hearing Evan’s genuine laugh progress throughout the video and Marcels inner pimp coming out has to be the funniest thing ever 😭,2025-03-31T02:09:40Z,606,0
Ugyn5ZdJfa6LOtQ6C7l4AaABAg,@hydromancer4916,pasta ruined the channel,2025-03-31T02:07:36Z,2,0
UgxIEUsbxHEeBZKu_jh4AaABAg,@AlInniss,Brian sporting his Jimmy Saville costume,2025-03-31T02:07:12Z,0,0
UgyIyjPji3SCYwgywOV4AaABAg,@RenegadeNico,16:54 The uncensored n word from Brian 😂,2025-03-31T02:02:09Z,0,0
UgzBMPVbvaxuNn_JIp14AaABAg,@imSkrap,16:42 i love hearing vanoss laugh so much he has to pull away from the mic,2025-03-31T02:00:52Z,727,0
UgyePTuBIHE7VxKWB5l4AaABAg,@UC0093,"02:09 Oh my, that is Sakuya Marcel",2025-03-31T01:54:12Z,3,1
UgxW_O7zM5-nA2J5Xrd4AaABAg,@jerky-stitch4,Marcel as a pimp is fucking awesome,2025-03-31T01:53:56Z,0,0
Ugy00IjHODWMauJp2kl4AaABAg,@DeL0mbre,"wait. are the weeping angels a mod cos that's sick, the BBC wouldn't like it tho",2025-03-31T01:53:48Z,0,0
Ugw6lKZO74QLRSFHqxN4AaABAg,@W3S_,"1:06 I thought they would say Shadow, but I guess just me lol",2025-03-31T01:52:31Z,0,0
UgyfLvWKHJ1SdAHJXCB4AaABAg,@CarmTheTryHard,This video was straight world class 🙏😭,2025-03-31T01:50:34Z,0,0
Ugwb4h1w4tyb4gxdDid4AaABAg,@TheGuyName_Rey,19:59  I’m crying 😂😭😭😂,2025-03-31T01:50:14Z,14,0
Ugywl90S6ukBohV9HIV4AaABAg,@lowrider6217,Can we officially say Pasta is part of the Vanoss crew now?,2025-03-31T01:45:11Z,0,0
UgxoG1zvfubi6ZOk4gF4AaABAg,@gelenm_,R.E.P.O is such a fun game 😂😂😂❤,2025-03-31T01:38:37Z,4,0
Ugwnb1tT9nVGfsjvcDp4AaABAg,@wthdom,ice ice baby 💀,2025-03-31T01:35:46Z,0,0
UgwE6SZyFuKPyvTHoZ94AaABAg,@natelopez669,"Best Wildcat ragequit in years, Bryan just nailed it with that prank 🤣🤣🤣",2025-03-31T01:32:19Z,6,0
UgwyDFbUr4r_fQk-HN14AaABAg,@TheWeedMan4220_,That outro 🤌🔥,2025-03-31T01:17:51Z,1,0
UgxHRm8obaol29AVGbp4AaABAg,@kibathewolfx9915,I can’t wait until he has to reupload because of not censoring 1:10-1:11,2025-03-31T01:10:59Z,424,10
UgyS8BYRlNIAEb3yPOd4AaABAg,@hot-det-godt,It brings me so much joy too see the gamg is still playing,2025-03-31T01:10:50Z,2,0
Ugw2k5PF7UB2zZPNcfd4AaABAg,@catmaster0888,The end is so funny we need to see the group reacting to high lights more often.,2025-03-31T01:09:24Z,3,0
UgyD2K2POHcE7J_ucN14AaABAg,@XylonVermilion,"I love how around 19:00 there was so much going on, just like out of a cartoon and the music on top was perfect.",2025-03-31T01:09:13Z,261,1
UgwbcZfqIE3efYb8KBF4AaABAg,@mikeissenman,Miss Melancholy is amazing!!,2025-03-31T01:04:40Z,2,0
UgzHPVQVhmp_cV1QVBJ4AaABAg,@Ron.S01,Love this video! we’re just missing h20 and moo,2025-03-31T01:04:05Z,0,0
Ugzlu78k_xfTeEg0_L14AaABAg,@epicgamer2112,This game is the perfect game to bring out the best in the Vanoss crew! 😂,2025-03-31T00:59:54Z,0,0
Ugy0K3MMG4zfb5HAejR4AaABAg,@Strawbeerry01,4:26 THAT ICE JOKE HAD ME DEAD 😭,2025-03-31T00:57:27Z,19,0
Ugw1z5XOP6LwKK4eAbh4AaABAg,@NeNukee,Never heard vanoss laugh like this ,2025-03-31T00:55:16Z,8,0
UgxJKRM9GXOH_hKeg9R4AaABAg,@Dominicthedonkey,8:30 that moment had to be in the video lol,2025-03-31T00:53:29Z,0,0
Ugx4O5uQMEpf3p4gNqp4AaABAg,@kingalvaro253,Og vanossgaming crew 😂,2025-03-31T00:52:54Z,0,0
UgwhbhZFMezm2u3KPtN4AaABAg,@cartersouthern,Safe to say REPO is a keeper for these guys.,2025-03-31T00:47:07Z,2,0
Ugy9XpcN8MILcIEN2aJ4AaABAg,@redwarrior2149,3:46 Vanoss with the wombo combo.,2025-03-31T00:43:21Z,5,0
UgzpVCoovu2nd-CUvih4AaABAg,@juicybo01y,Brian got the yes king audios,2025-03-31T00:40:00Z,0,0
Ugw1Dmm-cVTTZgT3Y-F4AaABAg,@bribri137,the ave maria song makes the dumb moments so much funnier,2025-03-31T00:34:43Z,2,0
UgwCYEwttVj3YXF8zNd4AaABAg,@trashypandaboy1090,Finally some YouTubers who call the statues by their actual names “weeping angels” and not just “the moving statue” like the other YouTubers say. Elite knowledge Boys,2025-03-31T00:30:31Z,3,0
Ugy3kTvKfwx6WVGqZWN4AaABAg,@moneyjoefilms3744,18:56 random things happening moments,2025-03-31T00:29:05Z,1,0
UgxRJv6FZDjq2Kz_cFt4AaABAg,@zero9705,"POV: if you're hear the boss music🤣
10:41",2025-03-31T00:23:09Z,0,0
Ugwl74x2-ir6QT1Oz7N4AaABAg,@martinbauzon7450,currently sitting on my setup,2025-03-31T00:18:10Z,0,0
UgwNCJ3kGWtAuYX1KBN4AaABAg,@justinpole3160,When youre late to a vanoss video because you were listening to Evans music,2025-03-31T00:15:16Z,0,0
UgzTqXhL74eF32CpHKJ4AaABAg,@triples3273,2:20 Marcel getting excited over the chicken hat. The jokes write themselves,2025-03-31T00:09:47Z,164,1
Ugy82bnt3ToULnlk4Fh4AaABAg,@philliprosaci4075,how do u get those costumes they got,2025-03-31T00:08:56Z,0,0
Ugwz_87gJRc3Cx3Icd54AaABAg,@Kens-World-6001,Uuummmm … shadow or knuckles,2025-03-31T00:08:21Z,0,0
UgwBDTGq-3rOQ0a3Vip4AaABAg,@Bluedragon-rj2uw,Alright!!,2025-03-31T00:07:56Z,0,0
UgwHgcVRjY6aXCrYNj94AaABAg,@Theblimj,Brooooo lets go i love getting to a video right away,2025-03-31T00:05:36Z,0,0
UgxTsrojL96DUgPwjlB4AaABAg,@imnasch5599,Here before it gets reuploaded because of the n word,2025-03-31T00:02:45Z,0,0
Ugzj6b3N1KYZadLlJoJ4AaABAg,@DragonShinobi,"25 minutes and i still feel like the vides are too short, It's always so good but it feels like it just flies by.",2025-03-31T00:00:59Z,0,0
UgwJg0iHoNbqX5ypX914AaABAg,@snuky1115,i'm predicting the re-upload soon!,2025-03-31T00:00:24Z,0,0
UgwpFG_xbl7Lbd0ABq14AaABAg,@gino-cz9zu,Lets go another REPO vid,2025-03-30T23:59:09Z,0,0
UgxDnZ94Re8z7Shvemt4AaABAg,@D-bl6qr,Day 16 asking Mr. Vanoss to play pressure in Roblox with Lui and his other friends,2025-03-30T23:58:22Z,0,0
UgyZl-gcVG9njsCiZYV4AaABAg,@hashler69,1:10 sonic ex because black sonic still an absent father,2025-03-30T23:58:18Z,0,0
Ugx2lk-JforsGZ6qW1d4AaABAg,@J.Petite98,Are we going to see more videos of Phasmophobia?,2025-03-30T23:56:07Z,0,0
Ugy4SjHpLh6panKygB54AaABAg,@evilwolf5324,Not the boss music 😂😂😂💀💀💀,2025-03-30T23:55:32Z,0,0
UgwvtaDn5XAeOCvEjxl4AaABAg,@JonahG,Falcon kick! 3:45,2025-03-30T23:52:49Z,1,0
UgzrmROApFq5reqP78V4AaABAg,@lord5head591,lol 13:52 had to undeffen in discord to let them know he had the gun,2025-03-30T23:49:03Z,3,0
Ugymfru6a6BX1EglkAx4AaABAg,@spacealien3567,"14:50 ""Yo como pan, yo como pan!"" -in translation: ""I eat bread! i eat bread!""🤣🤣🤣🤣🤣",2025-03-30T23:48:59Z,63,4
UgymfXIF_hKf68uh61B4AaABAg,@chrisolanda5277,"You, lui and idk who else should start doing Guzman takes flight in gta online",2025-03-30T23:47:51Z,0,0
UgyxGtvAqKhxCVw0PLJ4AaABAg,@Luminosity_thegoat,"3:27 literally a ""I AM MUSIC"" reference (it took playboi carti 5 years to release it)",2025-03-30T23:42:39Z,0,0
UgxgZoeoNTkXirPSPyV4AaABAg,@myhanhuynh8930,"10:44 The Dark Souls boss music in the background has me dying lmfao
I’m loving the segments at the end where y’all are comparing footage. Please add this more often in future vids.",2025-03-30T23:41:59Z,45,0
Ugwm7J_Uy-shby9nyvl4AaABAg,@myhanhuynh8930,"22:23 I love the distant Santa Maria playing in order to foreshadow the inevitable lmao
10:41 when you kill the boss, but didn’t know it had two health bars
4:28 ice ice baby is crazy work",2025-03-30T23:41:40Z,2,1
Ugy3sLuv1Twd7Fmaho54AaABAg,@Firefist0123,I really love the reactions to the recording session it just adds a good layerr to the video,2025-03-30T23:39:32Z,15,0
UgyE8GvfM2ZzfX_gTyp4AaABAg,@bigsh0tz07,19:35 to much is happening 😂😂😂,2025-03-30T23:37:21Z,57,1
Ugw6mS-DAgI2w1Y65Pl4AaABAg,@CaseysRepository,Do miss delirious in the videos,2025-03-30T23:37:03Z,1,0
UgzoqPh18jhkhgnAEDV4AaABAg,@FlashFox21,"2:14 B.E.N. is a character from Treasure Planet, and he’s a Biome Electronic Navigator, hence B.E.N. Now that I see that mod, I wanna get it so I can be B.E.N.",2025-03-30T23:36:47Z,64,0
UgyHjhJiL7HUKFo8vCh4AaABAg,@kaijufighter7763,I can tell by the Intro that this is gonna be a Good Session lol.,2025-03-30T23:36:10Z,0,0
UgzNqC6VYbsiAwm8p794AaABAg,@owencarlson9061,play schedule 1,2025-03-30T23:34:34Z,1,0
Ugx0niiPgn0AG46k9bx4AaABAg,@jzero4467,I wonder when will Vanoss retire hmm,2025-03-30T23:34:22Z,0,0
UgxSNTGLdxEgMNyayet4AaABAg,@ren_jojo_1647,3:08 those who played mass effect: 😦☠️,2025-03-30T23:34:20Z,0,0
UgwsMwu6hW59xUyveuJ4AaABAg,@TheLoaf1743,Marcel really became a pimp named Slickback,2025-03-30T23:33:47Z,0,0
UgzJ3hd_AnR9T9T9_Kl4AaABAg,@DauntlessTyranny,Cause owls go whooo,2025-03-30T23:29:24Z,0,0
Ugy9_awJNJGyoQ4eIeh4AaABAg,@TorisuKazoku,Lets wait for the censoring,2025-03-30T23:28:43Z,0,0
Ugz8z2rc8GSuIUpuNMZ4AaABAg,@cellianexurianity5021,"Bro that ICE joke had me absolutely reeling, omg, lmao",2025-03-30T23:28:05Z,0,0
Ugw9Xz-I_VhUv0Z1HWh4AaABAg,@Nick-tz9el,waiting for pasta to not be in the video 🤧,2025-03-30T23:27:53Z,2,3
UgzJoU5l6dunStuFpf14AaABAg,@castvinger3337,"Wait, lui was recording? That's rare.",2025-03-30T23:26:36Z,0,0
UgxA6FN4D9Y6vNNfW294AaABAg,@justbennyka7596,"11:14 Where's Marcel?
Over here, n*gga",2025-03-30T23:25:45Z,3,0
Ugy_aD0ovZUHlEwPMHh4AaABAg,@NICHOLASL365GAMING,I’m late to 1 hour gang… Jk I’m not a bot,2025-03-30T23:18:18Z,0,0
UgyC5DzqbZrXx0qkZDZ4AaABAg,@madrustytiger,its not sonic its sonig,2025-03-30T23:18:13Z,0,0
UgzXBiVoVpcaf1lTX8t4AaABAg,@xxJoeCraftxx,1:10 I thought it was shadow?,2025-03-30T23:16:56Z,1,0
UgzlVibkWW_-WpZS2GR4AaABAg,@melpaw18,Love this new video ❤ my day wasn’t great until this video popped up ❤ really appreciate it,2025-03-30T23:16:04Z,0,0
Ugw9FauI0BguGBaWTCp4AaABAg,@Bryce-b1y,More head 😂😂,2025-03-30T23:14:57Z,0,0
UgzsmSmHOGyoRtZJb_t4AaABAg,@OneNationUnderPug,“What would black sonic be called?” - man who has seen Sonic 3 ten times.,2025-03-30T23:14:49Z,0,0
UgwoK0iZoddhmDdVeIF4AaABAg,@TheCough_dr0pp,Bro 🥹 I hope my videos can reach his level some day,2025-03-30T23:13:30Z,0,0
Ugzlz5m-FoicIAKaQPx4AaABAg,@austink9638,Under 2 hours? I’ve never been this early to a video.,2025-03-30T23:12:45Z,0,0
UgzZTb4quUaVkfQgWwJ4AaABAg,@awkwardcow1019,"At about 18:08 I think pasta was thinking about the cha cha slide, which is a white person dance. (This is coming from a black person)",2025-03-30T23:11:14Z,0,0
Ugxa--3_f9Nz-zRO3Ql4AaABAg,@matthewarthur5252,The santa maria was a nice touch 😂,2025-03-30T23:11:04Z,0,0
UgyZFhZJy9dBIcJ46aJ4AaABAg,@dixierekt4824,No censorship I love it,2025-03-30T23:08:35Z,0,0
UgxlexaQXzBwoHSezXN4AaABAg,@jonathandainton5803,Please play more of this,2025-03-30T23:06:17Z,0,0
Ugx97H4ZF_ATaN7XiE14AaABAg,@questionableactivity,10:41 watching that mf angel arise sent me 😭,2025-03-30T23:03:20Z,0,0
Ugxv548-jA8UEY2H2Mh4AaABAg,@CheeseShredded,19:51 its so chaotic,2025-03-30T23:03:16Z,2,0
Ugw-XGG_ONxXtK2sMEl4AaABAg,@RealJackBenson2006,Love the video 😂👍,2025-03-30T23:02:59Z,0,0
UgwqNebzBrqoNGEWO694AaABAg,@cometstorm6220,So many perfectly timed moments and getting away with team k*lls. Awesome video,2025-03-30T23:02:34Z,4,0
UgyYtJsYxWzGGJHUAnt4AaABAg,@jonathandainton5803,So many of things happening all at once and I love it 😂😂,2025-03-30T23:01:13Z,3,0
UgyH9gJwKaSuQ1rTv6t4AaABAg,@DoughChii,I love these REPO videos lmao,2025-03-30T23:01:09Z,4,0
UgwSBL7hDqeX8RAjwEF4AaABAg,@corrymiklos669,Who actually likes Marcel because since black ops 2 all he does it yell to be funny.,2025-03-30T22:59:28Z,0,0
UgyvQHEE_mPdxLqn9754AaABAg,@jd7904-w8w,0:16 well he better start identifying as one,2025-03-30T22:58:53Z,0,0
Ugz_ZBWefYK-w1wZ9714AaABAg,@JackLoyal93,"18:01–18:31
I think I can see where the group members are getting confused:

The Electric (better known as ""The Electric Slide"") is a four wall line dance. Choreographer and dancer Richard L. ""Ric"" Silver (who's white) claims to have created the dance in 1976. Sliver has said he choreographed the dance to go with the song *Electric Boogie* which was written by the artist, Bunny Wailer (who's black).

The song, Electric Boogie, has also come to be known as *Electric Slide* and the dance, The Electric, has better come to be known as *_The_* Electric Slide.",2025-03-30T22:58:30Z,39,0
UgzDUiabdtPu9SbxQwZ4AaABAg,@Drackflame951,10:42 yeah I would just quit just after all that effort for nothing😅,2025-03-30T22:58:19Z,0,0
UgxjDAmcqAMRh2OKZYB4AaABAg,@MillenV,This was such a fun video.,2025-03-30T22:58:03Z,3,0
Ugz8_9ufDYvawWbJynB4AaABAg,@Ilikeduck_,This game it a gold mine for Vanoss and his friends.,2025-03-30T22:57:56Z,9,0
UgxWEl_LZAGw-X6Zk0p4AaABAg,@BostonDynamics1,Early,2025-03-30T22:57:52Z,0,0
UgwqNk8IsJkA19g9UGx4AaABAg,@cometstorm6220,22:23 I love the distant Santa Maria playing in order to foreshadow the inevitable lmao,2025-03-30T22:57:20Z,1201,8
Ugy0Vd7YvLPXoiiqIaB4AaABAg,@mydude8061,Hey the bottle flew around like Basically wanted!,2025-03-30T22:56:29Z,0,0
UgxqRYx0sq7RFqZL5fZ4AaABAg,@TheCanadianSyrp,H20 would be great in this game,2025-03-30T22:54:41Z,1,0
Ugz65FyygoGIKo7O-rl4AaABAg,@zakaryporter9423,Love this 😂,2025-03-30T22:53:38Z,1,0
UgxtPjMiSKREuCGjOZR4AaABAg,@Rvsayshello,I’m loving the segments at the end where y’all are comparing footage. Please add this more often in future vids.,2025-03-30T22:50:56Z,1978,3
UgyPOMrU0ws7479gD514AaABAg,@SeaBit4739,Wildcat rage would be amazing,2025-03-30T22:50:31Z,2,0
UgzU-D8I9WZO4sO8YsZ4AaABAg,@StealthArise,3:06 A straight up mass effect reaper laser sound,2025-03-30T22:50:17Z,2,0
UgzgnSg0yDOjVzka8Yd4AaABAg,@HardcoreClassics111,even better they made the characters,2025-03-30T22:48:49Z,1,0
Ugy1T5OswhEOirMY3EZ4AaABAg,@boocfestergames,I haven’t laughed like this in soo fucking long omg,2025-03-30T22:48:00Z,1,0
UgzDOg22M6lP3KpZ4_Z4AaABAg,@Magliochettti,its scary how perfect this game is for the crew😂😭,2025-03-30T22:47:04Z,18,0
Ugw5OqyupYznwkSchbx4AaABAg,@morganjsmith1710,22:29 song name? Shazam has not been useful,2025-03-30T22:47:00Z,4,1
UgxjY-eulcOy8lB3bJd4AaABAg,@CATgirlLuver,The ice ice baby was the best thing I've seen all month,2025-03-30T22:46:09Z,6,0
Ugyyn7Y0gVkLv7Y-eed4AaABAg,@Zed-vc3ds,6:04 the instant scream lol,2025-03-30T22:44:57Z,2,0
UgztvPKSkwZ1RqQGlnZ4AaABAg,@SkinnyLegend_OW,What are all the mods he has for repo?,2025-03-30T22:44:37Z,0,0
UgyrOWsqDUAYkj7XjUR4AaABAg,@Zap_q,the vanoss running with them as a camera man meme has never been more true,2025-03-30T22:44:25Z,25,0
UgwsaaL1hv8QG_sbQvB4AaABAg,@londraightscorchess,Black sonic would just be shadow.,2025-03-30T22:44:11Z,0,0
UgxywnNhrw3EaFhBalZ4AaABAg,@Philips-Andy,"yes, another REPO video",2025-03-30T22:43:23Z,0,0
UgzQplD_HIH9s48PSLB4AaABAg,@joshuan00,Do they still play with h20,2025-03-30T22:41:58Z,0,0
UgzGmeWukQSI84rf-_N4AaABAg,@ILOVEMEN69420,Day 44 of asking vanossgaming to play little nightmares 1 and 2 on the dude I'm not scared series,2025-03-30T22:41:35Z,0,0
Ugwd1gn87HgQAsZNinR4AaABAg,@P4trickSt4rmie,I’m not a sonic guy but isn’t black sonic just Shadow?,2025-03-30T22:39:57Z,0,0
UgztOF1OW6DMkE7k2YN4AaABAg,@EchoingBeats-wo7xc,10:44 The Dark Souls boss music in the background has me dying lmfao,2025-03-30T22:38:58Z,251,2
Ugw5_YQT0_4ay5gGmzx4AaABAg,@rourkedrake2510,"4:17, bro doesn't know who bushy one string is",2025-03-30T22:38:03Z,2,0
UgwuwiPA1cLMDoqUyM54AaABAg,@Lightbringerbr,4:39 better than ac shadows,2025-03-30T22:36:42Z,1,0
UgyE9u5gRfTgYhScBXR4AaABAg,@bard0ck-G0AT,"10:41 when you kill the boss, but didn’t know it had two health bars",2025-03-30T22:34:10Z,415,2
UgxON0pDyiT7MD1mPht4AaABAg,@dominic1244-d9p,The start was absolute Cinema 0:12,2025-03-30T22:33:44Z,124,2
Ugx710R-x_2fnMXfJlh4AaABAg,@lukescrew1981,Pasta adding so much as always,2025-03-30T22:32:54Z,2,4
UgwK0y_95gArV0li3tB4AaABAg,@nekokatv2.0,A Weeping Angel?! Where’s the Doctor when you need him?!,2025-03-30T22:31:03Z,1,0
UgzB0Zyl-UjtccrF8Oh4AaABAg,@FallenAngelPsych,Best videos to watch while relaxing,2025-03-30T22:30:19Z,6,0
UgxrDkHwYvxnFlaUmxV4AaABAg,@daftaf3465,19:27 i cant breathe there's too much going on 😂😂.,2025-03-30T22:30:12Z,234,6
Ugw8MSZBvwsqumiQrS14AaABAg,@harrisonbell8762,When the Angel came back I died that was so funny!!!,2025-03-30T22:30:11Z,5,0
UgxYXFFm3zSmNIImwXt4AaABAg,@MariokidGamingThe2nd,8:15 I haven't seen any pranks like these for a while. Funniest thing ever,2025-03-30T22:29:15Z,15,0
Ugw0lPV-eojEKk5QKGB4AaABAg,@Error-bc4ko,Thanks for the childhood man,2025-03-30T22:29:02Z,0,0
Ugygxu1-gqWxN7vXr5F4AaABAg,@havencorrp,i think black sonic is called shadow,2025-03-30T22:28:51Z,0,0
UgwGnXxt8uU_fsqsPbx4AaABAg,@kianreilly1606,Is terroriser Jimmy Savil 🤣😭🤣,2025-03-30T22:28:47Z,0,0
UgyYwmvoWLMPn1n5ZEt4AaABAg,@blahblahblahblah6339,Bro I love yt. I was scrolling 30 mins ago and this wasn’t here it took 30 mins to show up,2025-03-30T22:27:04Z,0,0
UgxPCuVm3igFQ_iQSs54AaABAg,@chrisvath6112,This video is edited beautifully.,2025-03-30T22:26:35Z,10,0
UgwP7h5u9QjUwLGPAXN4AaABAg,@tougecorsa,the fuckin dark souls music lmao 10:30,2025-03-30T22:26:17Z,9,0
UgxXKCqYgFfqm4y1wdJ4AaABAg,@Central_big_boss,Still funny and good as you were years ago commander,2025-03-30T22:26:05Z,1,1
UgzycN05g99Kh1ATO4l4AaABAg,@matyas009,And we're starting the video off with a nice dosage of hilarious karma. This is going to be good,2025-03-30T22:25:35Z,2,0
UgyuCpyY6bJhBoMyJTB4AaABAg,@jdgameolorian2698,"I don’t even know what the game is about, I’m just having fun here 😂",2025-03-30T22:25:00Z,0,0
UgwMJeixMSwy0Hd2yhV4AaABAg,@Chinesse-3FS,id be sleeping rn if this didnt drop,2025-03-30T22:24:14Z,4,0
UgyLb0T4Xg7clw_wHzV4AaABAg,@Creepershark77,8:02 Brian's tempting fate right there,2025-03-30T22:23:40Z,45,0
UgyiyFMy69wA5lsvexh4AaABAg,@TheeKorovaMilkBar,"White people dance? I don't know, The Twist?",2025-03-30T22:23:14Z,0,0
UgxAouDk1-bNm3ZlsLZ4AaABAg,@BenjiBoi696,"Hey, Ben here… sorry Marcel. I didn’t mean to get an outfit before you.",2025-03-30T22:23:11Z,301,5
UgxrKQ6Tdf4v-p_VJIl4AaABAg,@TheRoope97,"Macarena is from spain, and last i checked spanish are whites from europe😅",2025-03-30T22:21:50Z,0,0
UgzoXHbQLjNjHmiinEp4AaABAg,@_Super-Ghost_,6:52 nah that’s crazy,2025-03-30T22:21:46Z,8,0
UgxmkfQkDHQ2LajWBrt4AaABAg,@godlikemx,"Terrorizer is me in REPO lmao, bro has all the dreamy soundpad xD",2025-03-30T22:21:29Z,1,0
UgwzxqzSkyGY8QIX3fV4AaABAg,@WikistYT,Has anyone got REPO i can play with?,2025-03-30T22:20:39Z,0,0
Ugx5wUO2YI99-9rwCip4AaABAg,@camdenmaynard5407,"Your songs so far have been all bangers, I can’t wait till there is more",2025-03-30T22:17:54Z,5,0
UgyYLhCvdQ_qLnU8VIx4AaABAg,@4Lgangshit,If you gooning rn you a real one,2025-03-30T22:17:49Z,0,0
Ugz_fQ3WLD7XC6cD_A14AaABAg,@PrivilegedBlack,Was that a weeping angle from doctor who?,2025-03-30T22:17:35Z,0,0
UgzpRwpzXzuhfRzvUeZ4AaABAg,@louisbittons,Hell yeah,2025-03-30T22:16:49Z,1,0
Ugym2MKxmHk-tDyKoxB4AaABAg,@lui-n9u,"Thi shi somehow got a dislike but i aint do it, these my goats fr",2025-03-30T22:16:39Z,0,0
Ugx-CKu_z0kTmvTzrjp4AaABAg,@RustedWrench,Cleborp the wetad,2025-03-30T22:16:23Z,0,0
UgxYLOK9d4IMG2btXQh4AaABAg,@Dayzchainzz,I'm not straight,2025-03-30T22:15:32Z,1,0
Ugxgi6cM4WEFZSMl1yx4AaABAg,@TalkinSushi,"10:44 OH MY GOD THE ELDEN RING BOSS MUSIC WAS SO DAMN PERFECT I FEEL LIKE IVE LOST MY VOICE I FUCKING CANT😭😭😂😭😭😂😂😂
edit:I didn't know it was dark souls don't point it out:(",2025-03-30T22:14:18Z,29,4
UgzblJxWqXPbQ7BtvER4AaABAg,@coleharlan4156,black sonic already excysts its shadow,2025-03-30T22:13:40Z,0,0
Ugx1IixDot8KV4Egt8x4AaABAg,@elitheeditor,"Good to see vanoss still uploads to this day, I remember when his gmod Halloween video came out for the first time…good times…",2025-03-30T22:12:30Z,2,0
UgxA2z6CuENxg6wKPXB4AaABAg,@commoncommentor-1,4:29 even the Mexican in REPO can't get away from solid water 😂,2025-03-30T22:11:58Z,286,2
Ugwl2eg2fndouJwYKNh4AaABAg,@zoeash5476,ICE ICE BABY😂,2025-03-30T22:11:35Z,3,0
Ugz7DXbp1krtzWSwuyF4AaABAg,@pelpadesa,nah I think that title's gonna change in a few minutes.,2025-03-30T22:10:30Z,0,0
UgwjxNYJk5edmvWpiTF4AaABAg,@bones_vt,It feels illegal being this early,2025-03-30T22:10:29Z,0,0
Ugw_xROtjDvK-dAlJEd4AaABAg,@karelvaneetvelde4686,First time in over 10 years being this early lol,2025-03-30T22:10:23Z,0,0
UgwG08izqCexC7OF1nt4AaABAg,@sverrebarth6605,Love the vids mr Hoot Hoot animal man keep it up!!!,2025-03-30T22:09:10Z,1,0
UgxBZYAVfc7H8hXSKt14AaABAg,@TheReal_River,Repo is such a great game,2025-03-30T22:08:52Z,2,0
UgydnPa_4i-10qUt7O14AaABAg,@sethochoa8488,ima touch you,2025-03-30T22:08:45Z,0,0
UgwrRNSuhLXx06z9QMJ4AaABAg,@Redrobey,Yaya he posted :),2025-03-30T22:08:43Z,1,0
Ugw6cO2g9Cviytuu3Al4AaABAg,@KeithJones-r9i,"Keep up the work, been watching since GMOD when everyone was cartoon characters!!!!",2025-03-30T22:08:36Z,1,0
UgwT9gY8_kNetiLSCTF4AaABAg,@telephonesquad5225,4:28 ice ice baby is crazy work,2025-03-30T22:08:16Z,810,2
UgwRUMdy8DQo612Ue4t4AaABAg,@gongoozlised,"After the sonic line, this is defo getting reuploaded 🫡",2025-03-30T22:08:07Z,2,0
UgxPW8o7qeeVoAitwyt4AaABAg,@boiyeeto2673,Yay more repo,2025-03-30T22:08:04Z,2,0
UgwamD6pryU6evjq2Wt4AaABAg,@RollinK420,Are we safe from the bots 😰,2025-03-30T22:07:44Z,0,2
Ugy5cXPZkvjzKCB07T94AaABAg,@seamkeen8441,Well y’all made it work with something in particular,2025-03-30T22:07:41Z,0,0
UgzGKZV8mkK8cT-6JJd4AaABAg,@BirbedMan,always great when Vanoss uploads,2025-03-30T22:07:13Z,31,0
Ugwuf6Yd5J1omcRgJzJ4AaABAg,@trepan6970,It's so nice to see such a big group play together again,2025-03-30T22:06:53Z,11,0
UgyG31PHUabAnFXj7Ot4AaABAg,@lavender_heart5263,HOLY CRAP IM EARLY AF!!!,2025-03-30T22:06:47Z,0,0
Ugyg8sb4lWCbmmqEgTp4AaABAg,@ohhhsnapdamn1280,Damn wildcat got top of the description,2025-03-30T22:06:07Z,0,0
Ugzfphrrr9xFfrN1s214AaABAg,@parad1s3street,Never clicked so fast on a new R.E.P.O video,2025-03-30T22:05:53Z,0,0
Ugzct9A607HGt1kd2HB4AaABAg,@brutalbubby_,30 sec in and am already dying from laughter PEAK,2025-03-30T22:05:22Z,2,0
UgwloEJpqUy9MaV24Gl4AaABAg,@covert8853,Schedule 1 has to be the next game,2025-03-30T22:05:13Z,0,0
UgwtyEcS9zPZJDRa3St4AaABAg,@Playboifarty7,hella early,2025-03-30T22:05:12Z,0,0
Ugzpq9kbwzI7xxTjVSp4AaABAg,@ATHLETICPLUM99,Finally early!!! Under 2 minutes😎,2025-03-30T22:05:12Z,0,0
UgyOzliMKhe1FWNmXrB4AaABAg,@WillTheSkyBeBlue,I JERK IT HARRRRRRD,2025-03-30T22:04:40Z,0,0
UgzHDYgY3jb7fy0Gw1V4AaABAg,@Patrickstar-1p,Yoo what up vanoss I love your videos and always had have a nice day,2025-03-30T22:04:36Z,1,0
Ugz6ltsxsasp8qFzheB4AaABAg,@Tomymy-x4c,2 mins ago is crazy,2025-03-30T22:04:32Z,0,0
UgxrpdAMDUVDMaMC8Hl4AaABAg,@lochymane,play schedule 1 roleplaying as the breaking bad cast,2025-03-30T22:04:27Z,0,0
UgwhcDT2Pbht5B6LCtd4AaABAg,@Chrissy_Lives,"For once, I’ll get to see a vanoss video before YouTube censors something",2025-03-30T22:04:22Z,0,0
UgwiECU9cV2bDEkwKTl4AaABAg,@Elliotsturtplus250,"Damn another REPO video nice
4:40 damn I didn’t think Marcel would dress up as Coryxkenshin but guess it happened",2025-03-30T22:04:06Z,37,0
UgxsYMXQRK6Gc77gxnZ4AaABAg,@flappyflap2693,11:25 there's tears,2025-03-30T22:04:03Z,13,0
UgwjXn1Kh44c39d59XJ4AaABAg,@tdvfirefury7995,This game is funny,2025-03-30T22:03:57Z,0,0
UgwG9MjrQHTGLEHxuy94AaABAg,@Kiara-qn5bb,Gotta watch it before it gets taken down my baby youtube. 😅,2025-03-30T22:03:53Z,3,0
UgxLcMhZqTXH-Yh8cQR4AaABAg,@caliefgamer,Is that a pimp named Marcel,2025-03-30T22:03:47Z,0,0
UgzgJwZ2xA4Bzu61OH94AaABAg,@purplegangyt9401,Day 468 of telling vanoss that he's still a 🐐(greatest of all time),2025-03-30T22:03:39Z,0,0
UgyhSv3otIiSxl5APrV4AaABAg,@ShmoneyGs9,OG what’s up,2025-03-30T22:03:32Z,0,0
UgynwIbUpCdRf2erAUF4AaABAg,@jaydenButdavis,Damn i didnt realize how soon it was released,2025-03-30T22:03:29Z,1,0
Ugy71g-2pT7rds9v2jh4AaABAg,@SyengSyeng,Was looking for something good to watch with my food. Perfect timing,2025-03-30T22:03:18Z,3,0
UgzIiiCG41KoEbAcw514AaABAg,@tdvfirefury7995,Within 2 minutes wut up,2025-03-30T22:03:12Z,0,0
Ugz41DRhkAPfpGHTAw54AaABAg,@DeltaGaming-l2j,This is so fire,2025-03-30T22:03:11Z,1,0
UgzAkYqUrvzpnmOunwx4AaABAg,@ManiskGames,dont think ive been this early to a vanoss video in 12+ years,2025-03-30T22:03:10Z,1,0
Ugx4Dbzbjkz4XzGsly14AaABAg,@lloydbennett5886,I’m so early I love it,2025-03-30T22:03:07Z,0,0
UgxZZ5CUf77QNQiGYVR4AaABAg,@metalheadowlslitaf4414,So high rn,2025-03-30T22:03:01Z,0,0
UgwEsqUBnx6LSmQprsR4AaABAg,@Spicelord,Under 60 seconds gang????,2025-03-30T22:03:01Z,1,0
UgysRY2Lyz8FaLx8EYt4AaABAg,@Jesseniabenavidez-p2y,This is so peak🙏,2025-03-30T22:02:59Z,0,0
Ugyzz54fR8Mv5XCNYnx4AaABAg,@ConceptsCool4993,I find it hilarious the weeping angel just keeps popping back up lmao,2025-03-30T22:02:47Z,83,0
UgyfdQVLTqAJkpN5L514AaABAg,@kcking16,I am early as hell,2025-03-30T22:02:45Z,0,0
Ugxd2hgQSl-zMJXmkdp4AaABAg,@toshless,thank god,2025-03-30T22:02:44Z,0,0
Ugw9W5F4Y0yunw5s48d4AaABAg,@K.R.AK.E.N,"Vanoss Health INC Ambulances be like ""Weewod! Weewod! Weewod!""",2025-03-30T22:02:43Z,0,0
UgyqbiJXCxAf74iTejl4AaABAg,@playzers7415,Love the vid🙌,2025-03-30T22:02:32Z,1,0
UgyYigc1n1rGBdyDDXN4AaABAg,@matthewramirez1296,Early,2025-03-30T22:02:30Z,0,0
UgwhOgnlm_jWtFZJy3d4AaABAg,@ICE0404,Fckin early this time,2025-03-30T22:02:30Z,0,0
UgwnoyI4eAlqRcBzjz14AaABAg,@jadalashkar1732,"25 mins of REPO, we are so back 🙏🙏❤️",2025-03-30T22:02:28Z,1,0
UgxM5Qjici7QM_lKxrt4AaABAg,@MrGlock999,love you vanoss ur my childhood im 25 now,2025-03-30T22:02:26Z,0,0
Ugz_hXiC3Nf0S-szgDR4AaABAg,@adrian-ik,I love your videos and it makes me happy when you make more keep up the good work,2025-03-30T22:02:19Z,7,0
UgyK3xyUHn7vaChwF3F4AaABAg,@rokas236,"man I grew up with your content soon going to start university, started wayching when i was in first grade. Keep up the good work!❤",2025-03-30T22:02:13Z,2,0
UgyLRjwQsu7Tvd-Qmtd4AaABAg,@arc-warlock1748,The Weetoded Wepo Group,2025-03-30T22:02:07Z,0,0
Ugz92BgxTWnc6fE9uzZ4AaABAg,@PlutoV2,Please play Schedule 1,2025-03-30T22:02:06Z,162,7
Ugw4kd6OtkiXyPrhcXV4AaABAg,@gradyquinn8226,I love vanoss and the rest of the crew,2025-03-30T22:02:04Z,2,0
UgwvgPuotFpt1YYq15F4AaABAg,@Emil778x,Man is nice,2025-03-30T22:02:02Z,0,0
UgwvVCv0DqRanx_sdEZ4AaABAg,@districtvegetables,That fall was majestic,2025-03-30T22:01:57Z,4,0
UgzB8oUP34L3anIP7q54AaABAg,@lightbrick228,Alright 🦉🦉🦉,2025-03-30T22:01:56Z,0,0
Ugy13HoVoNcJG0a36DN4AaABAg,@jelaniasar804,One of the first ones baby:),2025-03-30T22:01:55Z,0,1
UgxrKykawli5ygQf_q14AaABAg,@Arki_Green,Darn I was the 11th viewer… can’t even reach top 10 😢,2025-03-30T22:01:52Z,0,0
UgwIxtMq0jcVCaqJ6oh4AaABAg,@Vlaedx,We are so back,2025-03-30T22:01:50Z,0,0
UgxgN7cWDTCDfyUwC0R4AaABAg,@WRELG12,It’s a good day when Vanoss uploads 😎,2025-03-30T22:01:45Z,11,0
Ugzn_whtAxiUlg9YNNV4AaABAg,@pabloderomana8312,First!! Been watching from peru for over 10 years now,2025-03-30T22:01:33Z,0,0
Ugx1pdfDlpo5sqvnjxl4AaABAg,@mirkos298,first,2025-03-30T22:01:17Z,0,1
