Comment ID,Author,Content,Publish Date,Like Count,Reply Count,Detected Language
Ugx0kz2sbLlyTz7mZrx4AaABAg,@MAFIO_BILL,woop,2025-11-14T00:54:08Z,0,0,Other
UgxCK6iK_1_lT2WyZyp4AaABAg,@superjodokus,Every now and then i return to this video to hear a real ninja making the most pure ninja noises (8m 25s). Impressive every time. one of youtube things ill forever remember.,2025-09-29T20:11:05Z,1,0,en
Ugxv-68Fi8YS4ZyNZ2Z4AaABAg,@Darkwolf42003,Not sponsored not sponsored not sponsored,2025-08-21T22:17:23Z,0,0,en
UgyTX0SFVrLLGD6Oj4R4AaABAg,@zooom1186,Finally video without pasta,2025-06-25T07:55:33Z,2,1,en
UgztlkyasPwLIvkKJLN4AaABAg,@tahirmohammed9410,3:30 Marcel made me laugh way too much😂😂,2025-06-16T20:33:49Z,2,0,en
UgwEptsbnYghS62zXhh4AaABAg,@LR22Playz,Brock playing again so nostalgic,2025-05-12T21:21:37Z,0,0,Other
UgxI02UQJKzRmZ6fgTt4AaABAg,@ITZ_MOLTY_985,hawk tuah > hawk dookie,2025-05-04T22:14:18Z,1,0,Other
UgzRX95OzjJVh0VNQLd4AaABAg,@HypxrsYT,i understand skipping out on the tomb but you guys should do the new map shattered veil :),2025-04-20T22:17:36Z,2,0,en
UgzYPvEWI4QjMz8FfeZ4AaABAg,@oliver-p9w,new zombies,2025-04-14T18:08:25Z,0,0,Other
UgzmiM3TIKc8giCwlBF4AaABAg,@oliver-p9w,you guys should do the new one,2025-04-14T18:08:11Z,0,0,en
UgwsMbrrntArYRkDkh14AaABAg,@DB_R9K,6:40 😭💔,2025-03-31T19:13:57Z,0,0,Other
UgwgUe8jCo3OIJps9d54AaABAg,@theduragdan,no the tomb? 😢 lol,2025-03-12T19:25:52Z,1,1,en
Ugw579Bbxi5keghjkXV4AaABAg,@DamonCorgliano,"I just woke my whole household yelling ""HYATT""",2025-03-12T06:21:06Z,1,0,en
UgyT7Qgtg4BvqCqFBAh4AaABAg,@DamonCorgliano,Brock is Adderall and a half lmao,2025-03-12T06:19:37Z,1,0,en
UgxecKHMTc4EUrFppil4AaABAg,@liamfanelli8155,when are they doing the tomb,2025-03-06T16:03:56Z,2,1,en
Ugwf8UuuFwzOq8dqHX54AaABAg,@yaogwai,"Black ops 6 makes me glad I was born in the Resnov, prison escape,  jfk killing zombies era and not the hehar funny fart homelander nicki Minaj talking anime gun era",2025-03-04T06:27:08Z,1,0,en
UgzWuin-KwbkWXl1awx4AaABAg,@Ekfoss,That Nikachu got me 😭😂,2025-02-26T21:41:58Z,1,0,en
UgwfR9Hwss-5pkEtmLB4AaABAg,@ThatguyEvan-wk5hl,3:30 Marcel let out his anime main character energy for that,2025-02-13T14:12:29Z,0,0,en
Ugybb7g1BXFQEmDy8il4AaABAg,@themorticiansson2537,PLEASE MAKE THIS ANIMATED,2025-02-13T12:59:51Z,1,0,en
Ugx8Dtb_g9DnOxsgypN4AaABAg,@Whodis2299,Need them to make a vid of the tomb map,2025-02-11T23:45:12Z,2,0,en
Ugwp5ozVfFoD0BtJWFl4AaABAg,@DrunkenDragonTV,oui uoi,2025-02-11T15:32:32Z,0,0,Other
Ugz-mMf2vPoW7g2PCcN4AaABAg,@WrekZ1491,BROCK!!!!!!! ❤❤❤,2025-02-07T11:18:19Z,1,0,en
Ugwv3SIdbKZr7keturx4AaABAg,@Dameshot0942,Hope they do the next map but most likely they won’t 😢,2025-02-06T00:24:17Z,2,0,en
UgwBlxfxHI8zKnrs9Il4AaABAg,@CollinGoogins,"You’ve heard of Call of Duty: Black Ops, well get ready for Hawk of Dookie: Po-Ops",2025-01-26T17:35:04Z,2,0,en
Ugzqv02x_3kzx5mTeJB4AaABAg,@Natashar95,MOO! We missed you ❤,2025-01-26T16:25:06Z,0,0,en
UgxyvxB7MDD_FeJ9rnd4AaABAg,@CorbinElias,Hahaha hahaha hahaha!!!  Ho. . My. Gag!!,2025-01-25T04:38:34Z,0,0,Other
UgwZErXmAWQ9wcNQs4h4AaABAg,@GlossyChalkian,20:40 BasicallyIBuyDoors,2025-01-19T00:14:54Z,1,0,en
UgxMAw6-FkjQaKj6qjh4AaABAg,@gabrielanderson6652,I did NOT think they were going to succeed lmfao,2025-01-18T12:35:32Z,3,0,en
UgwvTlN82Z05jLTDQM14AaABAg,@Nikochuuu,Someone mention me ???,2025-01-16T17:54:23Z,1,0,Other
UgxTTWXk2Tf2PrfDi9N4AaABAg,@SpeedyWings2323,Sark returned!!!,2025-01-12T05:01:13Z,0,0,Other
UgxVoUmbe6FxQ22doYp4AaABAg,@elisnakeattack95,Happy to hear Brock in a video :),2025-01-12T02:04:35Z,0,0,en
Ugx67Lxh_DIvq6_WZEl4AaABAg,@Doc9Pockets,"hope we keep getting bo6 vids. been a long time since we’ve gotten a Easter egg attempt on every map, and seeing multi vids again? even tho it’s just prop hunt, it makes me happy. BO6 still has its problems for sure, but it’s the closest we’ve been to golden era of yt/cod in forever",2025-01-06T19:51:27Z,4,0,en
Ugwuna_XfIUNjWSG7Xx4AaABAg,@Peron1-MC,"13:50 hiphopopotamus vs. rhymenoceros
flight of the concords XD",2025-01-06T00:26:40Z,0,0,en
Ugx1eNZvXX05D3zVvLN4AaABAg,@BajaBonG,"HYATT!
HYATT!
HYATT!
HYATT!
HYATT!
HYATT!
HYATT!
HYATT!
HYATT!
HYATT!
HYATT!
HYATT!
*dies*",2025-01-04T11:27:10Z,1,0,en
UgzWO0JKcSF8U1ra2Fd4AaABAg,@Unitedgamer6239,3:45 everybody was screaming random stuff and in the background you just hear tyler say Bob saget,2025-01-03T17:29:07Z,0,0,en
UgwliJhKgLRHncQTAZh4AaABAg,@bennie3843,Infinite meatballllsssssssss what a reference omw watching ur bo3 rn,2024-12-30T21:30:03Z,2,0,en
Ugz8a3O-erq9t7Oavdh4AaABAg,@CoreyGraves-y6y,“mine has the power of black magic“ 6:38😭,2024-12-30T14:01:00Z,1,0,en
UgwISRf5rFQPUcRWxCl4AaABAg,@michaelgrey5532,Bro zombies easter eggs are slowly turning into battlefeild easter eggs... i miss the old days,2024-12-30T11:19:35Z,2,0,en
Ugx-jlLOuCAb7N1qVHB4AaABAg,@hazy3312,Protect me while I tweet Eminem,2024-12-28T23:34:54Z,1,1,en
UgzMARxBZOJCvX4SBpV4AaABAg,@Salamander4200,HYATT,2024-12-27T03:24:58Z,0,0,Other
UgwYp_jeIK6KS37rpwt4AaABAg,@joeyworldtour211,MOO IS BACK!!!?,2024-12-26T11:51:08Z,0,0,en
Ugy29H9FYZlgTApwAa54AaABAg,@CorbinElias,Haha. Haha. Hahaha. Ho. My. Good!😂🤣,2024-12-26T03:13:41Z,0,0,Other
UgwkQA5qF1vGMuxK_-94AaABAg,@Nøkk-afk,This is smii7y's lost brother,2024-12-25T14:03:51Z,1,0,en
UgyJAdq87SwrkZYbMBt4AaABAg,@CouperGile,Des Moines mentionedddd‼‼‼,2024-12-24T01:41:43Z,1,0,en
UgwA7-LPu5DGCWlHmmd4AaABAg,@RealChloeK,I choked on my drink laughing at the jumping knights and hotel names,2024-12-23T12:32:47Z,0,0,en
Ugyr7tpfrCjKAYSxHCZ4AaABAg,@ForeverSpk,The black magic had me crying 😭😭😭NIGGGGAAAA,2024-12-22T13:24:45Z,1,0,en
Ugwe6TcyU8SBMxGwT8N4AaABAg,@normal_norm,"Day 82 of convincing vanoss and his friends to play team
 fortress 2 (tf2)",2024-12-21T01:48:23Z,0,0,en
Ugzy3oPzROJpbNipw7B4AaABAg,@Theviewer100,The thumbnail is a masterpiece,2024-12-20T12:23:23Z,0,0,en
UgxNeovoiIiVwOR7amB4AaABAg,@frikandelbroodje7103,When Will u record with h20 delirious again,2024-12-20T03:06:01Z,0,0,en
UgzJbAFnEeqrvsKG8Yp4AaABAg,@SweatyTeeth02,Ccoktus,2024-12-19T19:31:39Z,0,0,Other
UgywN99rhnG6ZswLn614AaABAg,@julianmetts5892,Moo,2024-12-19T17:38:55Z,0,0,Other
Ugxj_hu2uOCq9lzOC_x4AaABAg,@NgRuiZheTerrenceRegentss,Hmmm do u plan on recording with smii7y again?,2024-12-19T14:48:46Z,0,0,en
Ugxc0-HNcCqYuZJEYEt4AaABAg,@JamallJacobs,3:38 6:39 8:28 15:52,2024-12-19T01:58:53Z,1,0,Other
UgxpIquCh700API-djF4AaABAg,@Daveskibones,2:02 bro waisted the best gobblegum,2024-12-18T23:15:55Z,1,0,en
UgxoCzZA2fq58mlqGlR4AaABAg,@kazerr8650,6:40 got me cracking up,2024-12-18T21:51:19Z,0,0,en
UgyYkMLbUY90GuqCvl14AaABAg,@lessettcaracoza5978,Welcome back moo,2024-12-18T20:38:54Z,0,0,en
UgwW8ClExobRIHBVes94AaABAg,@xtczy,"i missed the outros so much, nice that theyre back",2024-12-18T18:17:39Z,0,0,en
UgyqhyijGaxB9XawESl4AaABAg,@dragonhunter521,This is exactly what Crack Cocaine does to you.,2024-12-18T17:31:19Z,0,0,en
UgwJL2TqDMZh44fkTlt4AaABAg,@DJ-zk6qp,Anyone here in 2025?,2024-12-17T22:15:12Z,0,0,en
UgwezsKsVlEbhfRuruh4AaABAg,@alohadannyboy2378,0:10 Map name,2024-12-17T21:27:23Z,18,0,Other
Ugw6jkQxpiiKJe0N-HR4AaABAg,@brantbenoit1771,Dis shi could make a grown man cry 😢😂,2024-12-17T16:51:28Z,0,0,en
UgwAfM9r0jxoIy-RG-14AaABAg,@paulino-pt1kk,:0,2024-12-17T15:13:49Z,0,0,Other
UgxF6WYppkh338nwN9N4AaABAg,@mcordovaleepatrickg.5075,"Haven't laughed like this in a while ""mine has the power of black Magic!...  NI- aAAAAAAAAAAAAAAAA!!!!""",2024-12-17T11:49:49Z,0,0,en
UgxjqxBu03TpnajqfMB4AaABAg,@RaeGanja699,Plop tuah sh1t on that thang,2024-12-17T09:30:57Z,0,0,en
UgzrGVNcaCBjxHOh4EV4AaABAg,@TheRealSniper3000,"Click video, hears moo's voice, exit video",2024-12-17T00:11:34Z,0,0,en
UgzH9wIjDyPo2rz-y4h4AaABAg,@xxforeskin_gamerxx4395,Vanoss videos are so much more tolerable without Brine,2024-12-16T15:34:38Z,1,0,en
UgzXuxmQ9Iio8N2MlDV4AaABAg,@Daedaefer,MOO!!!!,2024-12-16T14:55:05Z,0,0,Other
UgxMSeXU6PFegFcCmu94AaABAg,@thedarkrevanant6818,This vid should be animated like the old zombie vids. Like if you agree,2024-12-16T12:55:26Z,2,0,en
Ugy7JLKXRH080xeWTXl4AaABAg,@yaboitripleF,You know it’s a Vanoss zombie vid when their doing an Easter Egg on round 30,2024-12-16T05:58:35Z,1,0,en
UgylUy9i8qILqTTF7Ux4AaABAg,@Darien-b4d,“Where’s his knee”,2024-12-16T04:42:14Z,0,0,en
Ugwu4HkZVNM1sw0SfkN4AaABAg,@Darien-b4d,I’m screaming at Vanoss to go the wonder fizz,2024-12-16T04:36:25Z,0,0,en
UgzYMbbr4mjCYlwwB194AaABAg,@Tclbmx_,MOO!❤,2024-12-16T01:06:01Z,0,0,Other
UgwTtNqtzH8DydsWBD14AaABAg,@G-moneyYT,Glad to see moo playing zombies again,2024-12-15T15:05:57Z,1,0,en
UgzjV6kNeR0B6GKo6B54AaABAg,@Wheniarrivee123,This is classic vannoss. Black ops 6 is fantastic as well,2024-12-15T11:23:01Z,0,0,en
UgyBnCocYzJqKQkVV4J4AaABAg,@aveshlone,Getting harder and harder to watch vids with Marcel in them,2024-12-15T07:47:27Z,1,0,en
Ugx7Ld9d4iP4pl0X-yR4AaABAg,@dylanharo134,6:38 the way he says nigga had me dead asf 😂😂,2024-12-15T04:52:15Z,0,0,Other
UgzQR6gw91lX44Bzm554AaABAg,@ToasterCorgiGaming,IT'S MOOOO!!!,2024-12-15T04:32:29Z,0,0,en
Ugwdj7ekz842DX6Rg3t4AaABAg,@Hydarko,"Wildcat, Basically,and moo... I absolutely love this combination",2024-12-15T03:01:49Z,0,0,en
Ugx_NpgKLLZ5gmYZYzt4AaABAg,@fatmcdounut9959,13:44 opp stoppa reference 🙏🏻🙏🏻,2024-12-15T02:21:09Z,1,0,Other
Ugw8S1HkyvP7_L17P4B4AaABAg,@KingxVibez,1:18 ZOMBIE FART BOXES!!!,2024-12-15T00:43:05Z,0,0,Other
Ugzzrr6RRjIo8KJPjZd4AaABAg,@tylergus2111,What are the odds I have to dookie during the hawk dookie part lol,2024-12-14T20:53:37Z,0,0,en
Ugwme1Hh8YCOsXM6V2l4AaABAg,@ExodiaShadowHeart,That damn monster that popped out of the box when you break it open scared the living fuck out of me when I first played it I did a solo game and I wasn't expecting that monster lol,2024-12-14T20:16:01Z,0,0,en
UgzUBBrYFyL9Ohcq81F4AaABAg,@twiggmann42,This takes me back. 🥹🥹,2024-12-14T19:16:24Z,0,0,en
UgzKteAQzPr1qqH2y694AaABAg,@totoyfrost,3:57... i hear fa99ot lmao,2024-12-14T15:54:59Z,0,0,en
UgyBbrJ_E5jGgzLUdX94AaABAg,@dhabitadi7345,"Whats cool is that ""Hyatt"" i where i work before...serving for his majesty of brunei",2024-12-14T14:00:08Z,0,0,en
Ugz6zvKrWmedvQ3T-kN4AaABAg,@brute_bread420,Funny how black guy gets black magic and yellow guy gets yellow magic 😂,2024-12-14T13:48:35Z,0,0,en
UgxnleRGGJfaMWy4JdB4AaABAg,@xSenseiSmackz671,"3:36
""FA- FA- FA- FA- FA-""",2024-12-14T03:54:36Z,0,0,Other
UgyKWa9OILbLcTrNfPV4AaABAg,@frankiie9836,Can you give a yellaaahhhhh a pencil,2024-12-14T02:23:14Z,0,0,Other
UgwU3EStBRXimQuieCd4AaABAg,@romeonavarrette8229,Marcel’s energy is just unmatched. This ain’t just zombies to him,2024-12-14T02:15:34Z,3,0,en
Ugxe1wEe5eyN0PoUDG14AaABAg,@YTN-2005,Hold on protect me while I tweet Eminem,2024-12-14T02:10:20Z,0,0,en
Ugwrx6iFKsqU-LVsGSZ4AaABAg,@cameronprice8964,"3:49 Jojo's Bizarre Adventures: Adventures of Adderall, or Fist of the Adderall Star.",2024-12-14T02:06:23Z,0,0,en
UgwALKP4t-E5uZLiy8x4AaABAg,@JustBoi-923,Dandadan reference,2024-12-14T01:51:10Z,0,0,Other
Ugx4XIuAtwWvUWaV75h4AaABAg,@MultiMaker_Studios,6:38 The power in that N-Word is fucking amazing. Like a pokemon the amount of energy,2024-12-14T01:15:19Z,0,0,en
Ugy25ars7bIxnNrzYGx4AaABAg,@jake_0001,The Adderall is strong with this one.,2024-12-14T01:10:47Z,0,0,en
UgyRfKZ0OGuX3QnDkQl4AaABAg,@adamcampbell5356,"Wildcat, Moo and Basically... top tier of the crew ESPECIALLY when they're together. This is comedy gold.",2024-12-14T00:54:37Z,0,0,en
UgxIk7OIs_uuU6h-K8x4AaABAg,@phoenixsmokes,new classic,2024-12-13T23:03:16Z,0,0,en
UgxVTzUzKI_41dewImx4AaABAg,@schmerto1,Nah its hawk pooah,2024-12-13T22:52:15Z,0,0,id
UgxX71pKfok7eGtgDht4AaABAg,@harrison4627,Anyone notice how vanoss would just do nothing and watch zombies swarm the others and him not kill a single one to help,2024-12-13T20:16:46Z,0,0,en
UgzwDqIHfbpEj7NMs9N4AaABAg,@Penspunk1967,"We all have a bastard sword
... OOOOOOhhhhhhhhhh",2024-12-13T19:43:38Z,1,0,en
UgynTiRWcIxvgBOH0Xt4AaABAg,@Sickada_wings,"If this doesn't get animated, I'll be sad. This is gold right here lol",2024-12-13T19:07:40Z,1,0,en
UgyWQ033fkpa8tlHUBx4AaABAg,@DomanicRenik,Hearing Moo is so refreshing,2024-12-13T17:43:24Z,0,0,en
UgzIGNAZfCo8wImsrpN4AaABAg,@NorthernLaw_,"Talk Dookie podcast, now that is something I'd watch",2024-12-13T17:14:01Z,1,0,en
UgygBQkJGHsasvJXFt14AaABAg,@whatsgoodmycousin3793,Basically i do Adderall,2024-12-13T17:11:59Z,0,0,Other
UgwnmDyAlkAvDVtO1Rx4AaABAg,@ItsVextare,11:19 hawkin a tookie 😭,2024-12-13T15:15:34Z,1,0,Other
UgynW3JTExMEgXxftIN4AaABAg,@Themasksuss,The most honest video of just friends having fun. the zero fu'ks energy is beautiful,2024-12-13T15:08:49Z,1,0,en
Ugwxsmv93g39BtOUu6p4AaABAg,@PoptartMustard,"No y’all actually have to bring sark back man, take him away from his family",2024-12-13T14:06:08Z,0,0,en
UgzGbf73dokbq-1cEhB4AaABAg,@Pikboy-z5z,Moo happy to see you,2024-12-13T12:05:39Z,0,0,en
Ugxppsmu5Exw1WXNtPh4AaABAg,@nsgastro,6:41,2024-12-13T09:47:28Z,0,0,Other
UgypTDBM0kRck92T_qV4AaABAg,@adoringfan1924,Moo!,2024-12-13T08:41:43Z,0,0,Other
UgztrkYike0LGWG-dsZ4AaABAg,@AxelAngeloJorge-cb7eb,Tyler is the cultured one...BECAUSE HE IS THE LORD-LORD.,2024-12-13T08:11:18Z,0,0,en
UgyxII4gO-fDVg9yZEJ4AaABAg,@ecliphelion,I love Marcel's energy in this video,2024-12-13T07:33:20Z,0,0,en
UgyV6i2PB3hprxxXDQx4AaABAg,@WiseEmerald,8:30 new death sound effect,2024-12-13T07:31:17Z,0,0,en
UgyG6B0AqAo8jg4GxDt4AaABAg,@renemuz2568,Wait???? BROCKS HERE???? Does that mean his back?.  . .  .,2024-12-13T05:05:50Z,1,0,en
Ugy-28BlRuaLjkdg-UJ4AaABAg,@josephbugeja3208,I swear that Marcel’s “Adderall” is just *STRAIGHT UP HARDCORE CRACK-COCAIN!* 😂,2024-12-13T04:53:48Z,0,0,en
UgzPtWakqt3xSgGtmKZ4AaABAg,@RenSuRai,So seeing Moo back,2024-12-13T04:43:06Z,0,0,en
UgwyUq0ClbiplYLjUwd4AaABAg,@Adcisneros2415,Wasn’t expecting the black magic part either the sword😂😭 6:30,2024-12-13T04:22:57Z,0,0,en
Ugz-0IOq-9eqz2BBtw14AaABAg,@peterbal414,"Come
Back sark",2024-12-13T03:42:37Z,0,0,en
UgwXyE_6SAxazzgaEGF4AaABAg,@CompassPvP,hi,2024-12-13T02:36:04Z,0,0,Other
Ugx_1wDLDrmeILitG0J4AaABAg,@user-dm8uo9zp3k,HYATT,2024-12-13T01:41:34Z,0,0,Other
Ugws81LTeI1LiJc_lGV4AaABAg,@CityRestaurant3,"Thank you for coming to city wok, i'm glad i could give you city farts",2024-12-13T00:34:22Z,1,0,en
Ugy941s13e371ojsalR4AaABAg,@flaregaming7002,And SIIIIIIIDDDDDDEEEEEEE OVER HERE,2024-12-13T00:26:56Z,0,0,Other
UgzdDtuImPtR6OWD8id4AaABAg,@pxkrnr,Anyone retarded,2024-12-13T00:20:52Z,1,1,Other
UgwJ2m8u6i2WdbDwt3R4AaABAg,@Eczistnce,13:47 amazing clip,2024-12-12T23:45:41Z,0,0,Other
UgyAIz7ZYzr2ktQe9Pd4AaABAg,@bleuknight2704,Moo just sounds so much happier,2024-12-12T23:36:59Z,0,0,en
UgyfZd0EnuewOpae1RR4AaABAg,@ainaa-m2n,Please use the “classic” HUD makes for a better experience,2024-12-12T23:21:18Z,0,0,en
Ugw-_U8HIXxjCoHlCvZ4AaABAg,@Haku91YT,Moo happy to see u back,2024-12-12T22:48:25Z,0,0,en
Ugw4RU2Bw6EHVlI7d-p4AaABAg,@Kingof401,Mooooooo😢,2024-12-12T22:29:53Z,0,0,Other
UgzbUkB6IohSYqJgA1B4AaABAg,@LAZYCHUD,upload the full thing on ur backup channel,2024-12-12T21:37:22Z,0,0,en
UgxUh82_d4l3TaiXoWx4AaABAg,@alexier2733,good to see Moo back,2024-12-12T21:27:06Z,0,0,Other
Ugwi2TyiT2oPIsyQprR4AaABAg,@sharkattack230,Marcel is the embodiment of the new zombies,2024-12-12T20:43:06Z,0,0,en
Ugykwprmo_LfrYKAPkh4AaABAg,@IrkoSomboek,"2:37 Marcel listen listen listen ect 


Brian no no no you listen here now boy",2024-12-12T20:34:11Z,0,0,en
Ugy8fDN3aMtuHU_Z3QN4AaABAg,@JosephKey-cc9mj,So are we gonna adress moo?,2024-12-12T18:57:12Z,0,0,en
UgxwFqzlSCPplvXu6hd4AaABAg,@lil_slingshot2391,15:00 if yk yk 😎😎😎,2024-12-12T18:39:24Z,0,0,Other
UgwNwDHIhKYvSIZdhBN4AaABAg,@WeWantWraiths-q6o,This Easter Egg is 🔥,2024-12-12T18:20:47Z,0,0,en
UgwhCTP6sBSNGf5H_mx4AaABAg,@Angel-n2r9g,PLAY THE NEW GYA C130 UPDATE WHEN IT COMES OUT PLSSS,2024-12-12T18:01:51Z,1,1,en
UgyqhdZgJ9BNMT-A4eV4AaABAg,@MRLucky-man,Classic black ops playing by the crew with brock is guaranteed fun!,2024-12-12T17:04:14Z,0,0,en
UgzWNA7Bh1U3l9ZWBVJ4AaABAg,@xJuxnRf,Brock this is a family channel 🤣,2024-12-12T16:50:35Z,0,0,en
Ugy_j58sDtSKH0VzcOF4AaABAg,@cesarescobar7258,18:24 HOLY F***!,2024-12-12T16:36:49Z,0,0,Other
UgwSvBvagaL6OWKUpGl4AaABAg,@Rendy156,THE RETURN OF MOO,2024-12-12T14:47:19Z,0,0,en
UgzWDc0fonn1E5cuVMh4AaABAg,@deankenny8792,WHERE’S HIS KNEE? I WANT HIS KNEE,2024-12-12T13:54:58Z,0,0,Other
UgzVaymrvidqTEu1ha94AaABAg,@Bananabread828,This'll prolly be reuploaded twice cuz of babytube,2024-12-12T13:52:15Z,0,0,en
Ugw27ZDIx2orKpoyV9x4AaABAg,@aaronrashott1696,I never thought I'd hear the day where Brock laughs at Marcel saying the n word,2024-12-12T12:48:04Z,0,0,en
UgziLgkZCudUy15SA2B4AaABAg,@addicted2crayons,Bring back dude I not scared,2024-12-12T11:54:34Z,0,0,en
UgyDOtTMAXYIM0CqGst4AaABAg,@DivineV0,3:41 Marcel’s energy Is immeasurable. I aspire to be as energetic.,2024-12-12T11:31:50Z,6,0,en
Ugz_xmS7k3nVpJXubzd4AaABAg,@adriandejong5309,talk dookie to me,2024-12-12T10:52:32Z,0,1,Other
UgxhAzP2HWLeo3iLW3p4AaABAg,@bons562,Damn yall still exist i still remember coco bongo,2024-12-12T10:09:32Z,0,0,Other
UgyrTjvefvloblkHrwp4AaABAg,@Gianski150,Marcel got the black sword and Vanoss got the Yellow Sword.,2024-12-12T10:00:40Z,1,1,en
UgwEkDgMjnXPxRmVhdx4AaABAg,@Realjonassavimbi,Still waiting for dead realm 🗿,2024-12-12T09:58:28Z,2,1,en
UgwQ2TuOBgi2pVH60QR4AaABAg,@Biohazord360,someone needs to animate this moment asap 14:29 xD,2024-12-12T08:52:28Z,0,0,en
UgzAgfQzx2KE34toGqp4AaABAg,@vincethebanana,MOOOOOOOOOOOOOOO,2024-12-12T08:27:38Z,0,1,Other
UgxSEu2kaKD3S47DTKh4AaABAg,@marcusavina9823,My childhood is at peace,2024-12-12T08:22:56Z,0,0,en
UgwBMOBoap_55EMpZ4R4AaABAg,@elevenrxf7962,i really thought even was gonna be to fuckin stupid to upgrade the Lion sword 😂,2024-12-12T07:59:36Z,1,0,en
UgyCDUomIbEbjd3nusZ4AaABAg,@wasabininja4749,Gotta do the plant the bomb bro it’s fun and funny af like old times,2024-12-12T07:31:56Z,0,0,en
UgwA4nGRd-hv2Q39fcx4AaABAg,@Physix_XO,"6:41
☠️☠️☠️☠️",2024-12-12T07:28:12Z,1,0,Other
UgzKeje6lL2zP-ucQs94AaABAg,@RPK-74s,6:41,2024-12-12T07:05:13Z,1,0,Other
UgwJSuhI6zAyzApxJh14AaABAg,@evertest8967,One is the best uploads back to back. Made me laugh so much. Glad to hear Brock in the call again.,2024-12-12T07:02:53Z,1,0,en
Ugx0j6MlEo8KaN2Tii14AaABAg,@dgheem2227,Marcel on drugs best Marcel,2024-12-12T06:50:51Z,0,0,en
UgwvYM7vTz04d1ssKNl4AaABAg,@dgheem2227,Moo,2024-12-12T06:46:19Z,0,0,Other
Ugwembbo9rLMjXJ6MeF4AaABAg,@ScarfaceSallie,"2:17

I miss Sark Too…. 😞",2024-12-12T06:43:28Z,0,0,Other
Ugwrv5V1P2One-OKVmF4AaABAg,@nosleepz_z,Tbh they basically brought up the Hawk thing first 💀 rather then that wannabe tiktoker,2024-12-12T06:14:02Z,0,0,en
UgyFbRSvACJgkG6I3xt4AaABAg,@cruzdelarosa8401,This is one of the few newer zombie videos that feels as og as can be and I fucking love it,2024-12-12T06:11:16Z,0,0,en
UgwQBtsJM1yIkewyJ4p4AaABAg,@briancastro488,One of the best things to come to 2024,2024-12-12T06:09:54Z,0,0,en
UgxTofHfv26zLETs2WV4AaABAg,@BotsieW3,The outro is back!!!,2024-12-12T05:41:50Z,0,0,en
UgyGZ24N0cCJqJl_uV54AaABAg,@lamanis02,"We need to see episode 4 of resident evil 

Unless you’re too scared to do it",2024-12-12T04:56:34Z,0,0,en
UgxcrPzl6l01xFbo6w54AaABAg,@trentinturner6067,Dokie goes back,2024-12-12T04:54:43Z,0,0,Other
Ugw_8Kma3B0YUI3Kxpx4AaABAg,@cold78blizzard28,"Moo is back!!! 





So glad to hear from him again",2024-12-12T04:44:48Z,1,0,en
UgxeHKpo-ooXs8Fl1zp4AaABAg,@GageisME333,"3:28   Wut follows is a brief HYATT montage
4:18   we hope u enjoyed this brief HYATT montage",2024-12-12T04:29:13Z,0,0,en
UgySqZeFcYPNqvISr3h4AaABAg,@2moke2creen,"4:44 flashback:
""You're the one screaming😅 
You're the one screaming!😂
AAAAAAAAAAAAAAAAAA
...
what's happening??😮""",2024-12-12T04:19:03Z,9,0,en
Ugw16kuWz7DhOt4LwBZ4AaABAg,@hilt999,My names Hilton that was wild to head then say after all these years of watching,2024-12-12T04:00:57Z,0,0,en
UgxBAlOtjp4U8CUePQ14AaABAg,@KaelTheElias,"This is the closest the Vanoss Crew has been to their prime since Black Ops 3 Zombies, can anyone agree?",2024-12-12T04:00:28Z,1,0,en
UgxqUXEJxCDecS0VD7J4AaABAg,@BlankyB4,You realize Vanoss isn’t using Tac-map,2024-12-12T03:56:18Z,0,0,en
UgwiwiKHl8-BIg8c6R54AaABAg,@nabbitgohome9672,3:48 I guess Wildcat watched the Tourette’s Guy,2024-12-12T03:54:08Z,0,0,en
Ugz_UrgGUXPt81L7No14AaABAg,@charliescene-366,Marcel made this video all the more entertaining,2024-12-12T03:42:06Z,0,0,en
UgzjS-eSoLxdQ6aBIv54AaABAg,@-t-.,Anyone in may 10th 1940,2024-12-12T03:18:29Z,0,0,Other
UgzjuzqsFIoWZ-RjGRF4AaABAg,@supergamersamoa9729,"3:49-THE POWER OF THIS 😂😂😂
6:41-Bros power is so strong 😂😂
12:11-He said it “Hawk Tuah” 😂
15:36-FULL POWER 😂😂",2024-12-12T03:15:29Z,15,0,en
UgygHXztgcYRxYaEwMd4AaABAg,@user-dm8uo9zp3k,3:48😂😂😂,2024-12-12T02:28:25Z,1,0,Other
UgyKXTXUVk2AY2EOkZ54AaABAg,@shotuaaizawa4614,Ok now infinite meatballs start spawning now,2024-12-12T02:06:54Z,0,0,en
UgzfRk_gVlLE8GG06Dx4AaABAg,@SolzKiwi,Who needs a No-nonsense guide when you have the Citadelle des Hawk Dookie Guide,2024-12-12T02:05:08Z,0,0,en
UgwDp3thJ0GmBQ1N5DV4AaABAg,@isaacclarke7550,What happened to Mr sark? 😅😢,2024-12-12T02:03:00Z,0,0,en
UgyO-IE29okstTpnG014AaABAg,@00AgenT_Ch1p00,Hmm thought Brock left YouTube🤨🤨🤨🤔,2024-12-12T01:40:44Z,0,0,en
UgyhhyLeuYGkve7ir694AaABAg,@Darren-lb3rx,"“We arrive on Daithi da planet da new urt’ 
And we destroy the planet with a big hawkeddookie”",2024-12-12T01:40:03Z,9,0,en
Ugwlzv8qJGAKbLDBwdN4AaABAg,@dariusmunroe,Petition to get the Vanoss crew to do 2v2 uno tournament,2024-12-12T01:39:49Z,0,0,en
Ugzkb7rYplJdyFMLk_x4AaABAg,@Nnsalt,Say the n word again marcel,2024-12-12T01:36:29Z,1,1,en
UgwHXfrDsEN4jZwPv-t4AaABAg,@deadking8671,9:14 HIT IT FERGI,2024-12-12T01:21:07Z,0,0,en
Ugz7b1LyzljOypw71AV4AaABAg,@Bartosz1944PL,When gmod prop hunt?,2024-12-12T01:04:43Z,1,1,en
Ugys9zFlgHDnHp3cnnl4AaABAg,@v.n.ofishmaster6168,MOOOO!!,2024-12-12T00:52:19Z,0,0,Other
UgzsHwyf8oAlKm_ehpR4AaABAg,@Draven76MDJ,Marcel is on another level... he's transcended!,2024-12-12T00:51:24Z,0,0,en
UgxshtZGQXub1Vatudt4AaABAg,@ItsMeJulious,hawk puah,2024-12-12T00:44:15Z,1,0,Other
UgzWx1JGy3DAI-HtW2F4AaABAg,@Evangelion543,"We, too, miss Sark very much. Come back, Daddy!",2024-12-12T00:36:27Z,0,0,en
UgwpIp0ny9RY9eR8LSt4AaABAg,@Guybfd,15:05 my diamond sword sword 🗡️,2024-12-12T00:15:04Z,0,0,Other
UgxV5YjfhUVFW2TPWSN4AaABAg,@rhysgravina4756,imagine using marcel as a tutorial that would be awful,2024-12-12T00:07:39Z,1,0,en
UgxrTRz6Yy0Nku5th2R4AaABAg,@Guybfd,"13:12 
sounded like Optimus prime just then",2024-12-12T00:06:07Z,0,0,Other
Ugyb_HhRgsMHsNdz1LV4AaABAg,@pantiesgonewild358,sad we didnt get to hear Brock say * OH Boy*,2024-12-12T00:04:09Z,0,0,en
UgwlXU7XWt-Qt7J3q7N4AaABAg,@YerAndyy,The n word was so fierce,2024-12-11T23:49:54Z,1,0,en
UgyTLZjdTp32YCa3jeF4AaABAg,@izaaklillie8879,HAWK POOAH 🗣️🗣️‼️‼️,2024-12-11T23:16:55Z,1,0,Other
Ugz_mk2glNPbrDdN-UN4AaABAg,@tonythevillain,Marcel on adderall has been the best gift,2024-12-11T23:15:29Z,0,0,en
UgzF_qPiA8PpMNhspxp4AaABAg,@CheeseburgerSamurai,"Missed potential for ""i am now, knight owl"" @ 4:32


That's just my opinion though",2024-12-11T23:15:22Z,0,0,en
Ugzt6V4UENWZet36GVh4AaABAg,@Eazy-V,"Just be sure to prononce ""DES"" more like ""deh mor"" than ""the mor"" 😂",2024-12-11T23:09:35Z,0,0,en
UgxvBUMFLVbYdMj6F3J4AaABAg,@mrcoder7327,6:41 Choked on my food on this bruh,2024-12-11T23:06:46Z,0,0,en
Ugz24jnEi7zIVhUayYV4AaABAg,@User-pg9oe,6:41,2024-12-11T23:05:19Z,0,0,Other
UgyoiSTRH_2SQc7vF1B4AaABAg,@TheSirLanceolot,6:40 a cheifs kiss👌,2024-12-11T22:58:49Z,0,0,en
Ugy9HMuDWjbgcx6M1Bd4AaABAg,@xXItzJuanXx,NO WAY MOO IS BACK,2024-12-11T22:33:32Z,0,0,Other
Ugx3Zw6UtSw7q9IEmlZ4AaABAg,@goochfitness26,Marcell is literally the embodiment of adhd,2024-12-11T22:29:10Z,0,0,en
UgwPbCbJlszAs8kTz2R4AaABAg,@kierancullenofficial,this is an adderall commerical,2024-12-11T22:28:19Z,17,0,en
UgxL3D0VXwavGuX2KPt4AaABAg,@eggleg1411,This is the most energetic ive seen basically be in a while lol,2024-12-11T22:21:38Z,0,0,en
UgyQBYj-L6nN28VrOhB4AaABAg,@RoCkStArBoObOo,Bring back shark,2024-12-11T22:21:10Z,0,0,en
UgzdTSymToqhTjrYpv94AaABAg,@enchantedluke,did wildcat end up getting the xp or what?,2024-12-11T22:15:34Z,0,0,en
Ugz7VCscw8K0Gdm5hsd4AaABAg,@Camell513,MOOOOOOOOOOOO!!!!!!!,2024-12-11T21:59:38Z,0,0,Other
Ugzh4gUvEw-sKHNmLXp4AaABAg,@kasircore8252,Fortnite ballistic??,2024-12-11T21:54:53Z,0,0,en
Ugy2t3-QnejHk7vjiYp4AaABAg,@thegoosedaddy5753,i think this is themost fun vanoss has had playing  zombies in a long time,2024-12-11T21:53:03Z,2,0,en
UgyHuxk2_s2OxernHJ94AaABAg,@Jeremiah-pb8gi,there is a new GTA 5 dlc,2024-12-11T21:45:57Z,0,0,en
Ugyyh_4Y4kvWczXZIx54AaABAg,@KizzyJay,ITS MOO LETS FUCKING GOOOOOO,2024-12-11T21:41:56Z,0,0,Other
UgzOek1PYKHOxEmhKlB4AaABAg,@_KaiTheGamer_,"Marcel's Black Magic Spell caught me so off guard LMFAO

Edit: Hawk Dookie meet Shart Pooah",2024-12-11T21:40:34Z,0,0,en
UgwHN7yzDKprf28yWVJ4AaABAg,@highoutlaw_-,Will you ever play silent hill 2,2024-12-11T21:37:01Z,0,0,en
UgzSQKfsOI5s4Uju_pV4AaABAg,@matttrudeau8186,Man I actually missed moo,2024-12-11T21:35:31Z,0,0,en
Ugw6YIrO3dGw8t0VbiR4AaABAg,@darkabyssalwolf416,Ooooof anyone here on 2077?,2024-12-11T21:31:44Z,0,1,en
Ugx7h8mRRdFIl0qOWgx4AaABAg,@darkhorsedanmobile,Moooooo glad he was back in this,2024-12-11T21:30:01Z,0,0,en
Ugykzusr_hug5kb7but4AaABAg,@EpicGirl15,I Love Marcel's ADHD😂😂,2024-12-11T21:22:12Z,0,0,Other
Ugyl7Jrh7uIU6IhuUxl4AaABAg,@cobbleweb,MOOO,2024-12-11T21:18:57Z,0,0,Other
UgxqmnqucE56YA6cT2x4AaABAg,@fell4milkman,BasicallyIBuyDoors is my favorite youtuber,2024-12-11T21:15:35Z,0,0,en
Ugzw6LkT8PZaG9A6xcx4AaABAg,@kaziirai7726,BasicallyIBuyDorz,2024-12-11T21:02:38Z,0,0,en
Ugyudjzo8swoXAQ5M5x4AaABAg,@evanparker3586,MOOS BACK😭😭😭,2024-12-11T21:00:27Z,0,0,Other
Ugy1peq4DvovCXH2xsZ4AaABAg,@bearfigs,the way i sat up when i realised that moo was MOO !! lovely to see him back<3,2024-12-11T20:54:44Z,0,0,en
UgzSbZpPXhF_CchJ8-x4AaABAg,@Sunday_fits,RIP Bob Saget,2024-12-11T20:50:54Z,0,0,Other
Ugx3xjjiouQJ7jaQHh94AaABAg,@AlecCosing,Anyone in 9999?,2024-12-11T20:49:51Z,0,0,Other
Ugxe_IvQWojz1t0pfU94AaABAg,@LH7_Legendan,"""Hawk A Dookie, Sh*t On that Thang' ""
Amazing 😆",2024-12-11T20:44:21Z,0,0,en
Ugx7ze99NWUK950GacV4AaABAg,@juniorsnipes8188,"6:38 the joke got me dying😭, Brock is back too, felt refreshing",2024-12-11T20:40:39Z,3,0,en
UgzTBuhFYwOREgoL6zp4AaABAg,@furybanana2427,fortress of the dead la citadelle des decedes des mouru des reta**r jk..  it really usefull to be french... nope...  it useless it suk every french in the are potato... me included lol,2024-12-11T20:34:46Z,0,0,en
UgzrXw8SSh8cocMmezZ4AaABAg,@gmagnus9973,Thank you for this one,2024-12-11T20:27:23Z,0,0,en
UgxT9AWZR24yHv6gDCR4AaABAg,@marcelopuenteiv6389,I miss sark too :(,2024-12-11T20:25:06Z,1,0,Other
UgyjbtXFbPtOhwQbD4t4AaABAg,@rtvtictaczac727,Vanoss accidentally eating a perk a holic screaming noooo is so funny,2024-12-11T20:16:51Z,0,0,en
UgxRR1u7mZVypE3heUh4AaABAg,@daemon1426,Anyone else in 2031 tryna figure out where it all went wrong?,2024-12-11T20:13:48Z,1,1,en
UgyPsUu_ujRKkAd7Uwx4AaABAg,@kylehopkins7929,18:29 “what do we say to the god of death?”,2024-12-11T20:11:14Z,0,0,en
Ugw7NKNa4dVUp5A92T94AaABAg,@brycejames4034,Jesus loves yall 😊,2024-12-11T20:02:45Z,0,0,Other
UgwMyOFDAALqt9ADBDN4AaABAg,@GarnetOOwl,"MOOOOOO
OMG I’m So Happy TO SEE HIM PLAY WITH THE BOYS",2024-12-11T20:00:38Z,0,0,en
Ugx5F7nT-RNa920zisR4AaABAg,@EasttLivinn,THERES HAWK TUAH OF EM,2024-12-11T19:49:07Z,0,0,en
UgxwaG7TASmmHf4d8094AaABAg,@EasttLivinn,WERE MISSING A PAGE GOD DAMMIT 😂😂😂😂,2024-12-11T19:40:33Z,0,0,en
UgyVjVnQGpK6jjZpI_R4AaABAg,@EasttLivinn,6:39 😂😂😂😂😂😂😂😂😂😂😂,2024-12-11T19:36:43Z,1,0,Other
UgyWIWgwHBkFdHqx-Vx4AaABAg,@MsJupie,Father Moo has once again graced us with his presences,2024-12-11T19:22:12Z,6,0,en
UgyAG-osKRgwpIe8Q6t4AaABAg,@EasttLivinn,i been waiting for this since the map dropped 😂,2024-12-11T19:19:47Z,0,0,en
Ugz0z11wVa3Y0AF4SPB4AaABAg,@ghostamity5116,Marcel sounded like a character from super smash brawl.,2024-12-11T19:15:29Z,0,0,en
UgxMYGmLUNQzuZ-QPBB4AaABAg,@AblazeCorgi,*HYATT* 🗣 🗡⚔️,2024-12-11T18:58:54Z,1,0,Other
UgwfsC_m6MkuIQet6sh4AaABAg,@FreshtheFrostyGiraffe,This is one of the most quotable videos in a long time! I love it! 😂😄😁,2024-12-11T18:56:40Z,0,0,en
UgzhHPr8tNlJUUGVFjp4AaABAg,@Keltorthegreat,Electric incantation one shots amalgams,2024-12-11T18:51:16Z,0,0,en
UgzAcmYoDFKEyAmcgtx4AaABAg,@Shroom_pizza_342,......Am.......I........Retarded?,2024-12-11T18:50:22Z,1,0,en
Ugy6_IzQvkO8B_hBHE14AaABAg,@noistmipples1296,"the fact they still reference the ""infinite meatballs spawn"" video is amazing",2024-12-11T18:46:18Z,1,0,en
UgxUJf3cl2YOPJ9cW694AaABAg,@TheLandonJones,Marcel was hitler this episode,2024-12-11T18:36:16Z,1,0,en
Ugw6gh5krtNbq4aCmKd4AaABAg,@Gingersnaperz,15:00 the Tobuscus throwback was real,2024-12-11T18:30:43Z,0,0,en
Ugzc-lYCk05nP-vgjo14AaABAg,@brycecreutzburg6410,Eminem would go crazy with “José Rico Taco Nacho Quesadilla Mandilla Jones 😂”,2024-12-11T18:24:59Z,0,0,en
Ugw3HCHq5qZKuyrIurl4AaABAg,@imwhap863,6:38 lol,2024-12-11T18:24:34Z,0,0,Other
Ugxk1oL28x-5sVVHMHJ4AaABAg,@YOda_55,6:41 that was unexpected,2024-12-11T18:24:09Z,0,0,en
UgxFx0Zxk9MpdwTTa1x4AaABAg,@kaltv6486,Mooo!!!!,2024-12-11T18:22:22Z,0,0,Other
UgwGUv8O24EWMNHGGvB4AaABAg,@ItzOrg,I missed Moo so much,2024-12-11T18:20:05Z,0,0,en
Ugwm3nII84-lNcGTGnl4AaABAg,@lenninolivares,13:48 wildcat singing part of YBN nahmir song😂,2024-12-11T18:19:36Z,0,0,Other
UgxFAKdngaZVJerRCV54AaABAg,@EpicGame1912,4:25 From Apothican sword to a *Bastard sword*,2024-12-11T18:09:42Z,0,0,en
Ugwb-SeXLJpAH5MOdWd4AaABAg,@SaucySam22,3:32 SIEG HYATT🗣️🗣️,2024-12-11T18:05:14Z,1,0,Other
Ugz-919LjL13j9SlE6t4AaABAg,@benryder1213,6:40 SOMEONE MAKE THIS A SOUNDBOARD SOUND FOR THE LOVE OF GOD,2024-12-11T18:00:05Z,0,0,en
UgxBuwVMd77B0ULDqix4AaABAg,@onlyzzay,3:50 nah how did he actually say it that fast 😂😂 sounded like he doubled,2024-12-11T17:59:48Z,10,2,en
Ugxj-h-gixQbsoXfeZZ4AaABAg,@adm19i,*french*,2024-12-11T17:56:05Z,0,0,en
UgyVixqHKmBJ3sL5zap4AaABAg,@steb0ne_,Moo’s back playing zombies YES,2024-12-11T17:53:03Z,0,0,en
UgyMi_dzRpKkzuQfmAt4AaABAg,@AmaniKinnard,6:40 “mine has the power of black magic.. NIGGAAAAAA”,2024-12-11T17:52:37Z,0,0,en
UgyvHvK_gCH43vasZ2l4AaABAg,@卄メ乇刀ツ-l8n,21:46 this part should be an animation,2024-12-11T17:49:35Z,5,0,en
UgwUA_pxItR3c0LC0tp4AaABAg,@GhostSpirit-tl4jd,How about da Pepsi man dookie,2024-12-11T17:40:26Z,0,0,Other
Ugx5opyS9jDGMx1Nv2N4AaABAg,@maskkout,Hawk poah,2024-12-11T17:36:59Z,0,0,Other
UgzN1xW-ZqEmOzOo3Ux4AaABAg,@DarkBulbasaurx,"I thought Moo retired and focused on his family, guess he couldnt resist missing playing with the crew 🤣🤣🤣",2024-12-11T17:36:46Z,0,0,en
UgyKZ2PCZ_Iu7zB_RUN4AaABAg,@seannewman2313,This was easier to understand than the actual videos on how to do the Easter egg😭😭😭,2024-12-11T17:31:52Z,0,0,en
Ugxdfp9fOIVEaX47Pax4AaABAg,@HelloNathanrf,"Leaving the opportunity to have a podcast and a new cryptocurrency system, the opportunity knocks the door for Podlirious and Cryptlirious or you can call it GiveBirth Crypto coins.",2024-12-11T17:27:03Z,0,0,en
Ugx0X01-ZOBjEGGQJ4N4AaABAg,@SgDeception,who does marcel watch for these Easter egg tutorials,2024-12-11T17:19:03Z,0,0,en
UgzRbOSctjIJ46MGkjp4AaABAg,@Lawfv22,15:00 THE MEMORIES OMG,2024-12-11T17:16:32Z,0,0,en
Ugx1dudRcBoGI9OxOBt4AaABAg,@weeps.,the double xp thing is false,2024-12-11T17:08:53Z,0,0,en
UgwbanSTY30cgZp0Efd4AaABAg,@nerosoul4514,It doesn't get as amazing bas a  Classic zombies video from the crew love u guys ❤❤,2024-12-11T16:57:43Z,0,0,en
Ugzq6si-T70lgEvDIEl4AaABAg,@jblaze_4562,How much adderall did Marcel take😂😭,2024-12-11T16:56:29Z,0,0,en
UgymlQ7Qye7_bbihBVR4AaABAg,@kiroki24,spoon sounds different here.,2024-12-11T16:50:08Z,0,0,en
Ugyv0W24fLD0rLFKAKl4AaABAg,@Dr.aldehyde,basically was so funny,2024-12-11T16:49:48Z,1,0,en
UgxBhhoo9z7HOZam4XF4AaABAg,@3rose13,Woo Snuckle,2024-12-11T16:41:54Z,0,0,Other
Ugw7Ro4SWDxYWvn3tp14AaABAg,@slideshow2078,Mooooooooooooooooooo👏🏽👏🏽👏🏽👏🏽👏🏽👏🏽👏🏽,2024-12-11T16:28:44Z,0,0,Other
UgwL57qHYUWKVEBsKmJ4AaABAg,@bryanc622,I LOVE U MOO COW COW 😘😶‍🌫,2024-12-11T16:09:01Z,0,0,en
UgyxJlVE5CRudgjk8ax4AaABAg,@BIGCOV18,I…. NEED…. ADDERALL… 😂,2024-12-11T16:09:00Z,1,0,Other
UgzfBkiEIo5YOg9d5OJ4AaABAg,@RioPianta,"ok vanoss had me suprised 6:25 gotta remember he stilla zombies veteran who did origins in BO2, so my fault, gotta give respect that he could follow simple directions and get his sword done",2024-12-11T16:06:28Z,0,0,en
Ugzy-n91ykXbDmxOPQ94AaABAg,@Mystic-Saint-420,The outro is back w,2024-12-11T16:06:16Z,0,0,en
Ugxpb83YkRCVxuGIS594AaABAg,@HooperKidBreezy,"“Got an antonymous hippopotamus perkaholic anonymous”

14:00",2024-12-11T16:02:43Z,0,0,en
UgyWiCi7jQBWZbNYf8F4AaABAg,@Rakerow,Marcel tweaking,2024-12-11T16:00:11Z,0,0,en
UgzdmLhv_dscQdm3zhl4AaABAg,@ziepex,lmao marcel was funny asf this video,2024-12-11T15:51:45Z,0,0,en
UgxH0j-5tilQb4OxNTh4AaABAg,@Fstio,I literally been waiting for this video to come,2024-12-11T15:49:41Z,0,0,en
UgzyO7GLVb15Xv4b-p94AaABAg,@nanerzin152,"beautiful video, Marcel made my belly hurt from laughing",2024-12-11T15:48:18Z,0,0,en
UgzaihY7VTw1xobEikB4AaABAg,@darkoloco,Bo6 zombies going on a generational run,2024-12-11T15:47:15Z,0,0,en
Ugzhe2vcCe1QQqUruF94AaABAg,@awiperez111,When did moo come back ???,2024-12-11T15:46:55Z,0,0,en
Ugwn6eMguTF7sDDFdll4AaABAg,@luckyswordsmen991,I WANT YOU TO REPORT BOTS! ᕙ⁠(⁠⇀⁠‸⁠↼⁠‶⁠)⁠ᕗ,2024-12-11T15:45:02Z,0,0,en
UgzXSi__tPB3DuxFlAd4AaABAg,@shamus4527,We gotta destroy the eart with a big hawke dookie,2024-12-11T15:33:59Z,2,0,en
UgwYaAqqzfkUNqKC-qt4AaABAg,@hoggamer833,3:29 marcels bizarre adventures?,2024-12-11T15:30:18Z,0,0,Other
Ugzp4dGloOzY6eitOpN4AaABAg,@Biggy_Toke,The amount of chaos😂,2024-12-11T15:29:41Z,0,0,en
UgwuD4z_qRDCL4ToriF4AaABAg,@sam10mix,Funny how they don’t know how to use the controlls,2024-12-11T15:29:24Z,0,0,en
UgxiEBana_a6pr2r6z54AaABAg,@darthcerebus,"I just imagine Marcel in Dark Souls going ""Hyatthyatthyatthyatthyatt"" and dodge rolling but he's borderling doing a Sonic spin XD",2024-12-11T15:26:15Z,0,0,en
Ugxj8KMGwW_HKTdaeWV4AaABAg,@130charges,That thumbnail is very detailed 😂,2024-12-11T15:25:57Z,0,0,en
UgwqLtUTBiUU4nTM4rp4AaABAg,@Dakota.LT1,Big hawk of dookie,2024-12-11T15:23:49Z,0,0,Other
UgwbGeoPhSiJJoEv7WV4AaABAg,@JoedanPoeaschal,Finally no terrorizer,2024-12-11T15:23:47Z,0,1,Other
UgzB_o3xGWBxR0xUsm54AaABAg,@cheeseismykryptonite,"Just waiting for the reupload because of the ""bastard swords""",2024-12-11T15:20:15Z,0,0,en
UgxfYTRdjCboHTyqjAt4AaABAg,@bbuno3063,Let's go Moo,2024-12-11T15:17:18Z,1,0,Other
UgxNxgoEk24LhG2qkmV4AaABAg,@power1x,Early Bird is here.,2024-12-11T15:14:58Z,2,0,en
UgxqJDzDu2iiMopRL_t4AaABAg,@jespernielsen9320,11:43 im crying 🤣🤣,2024-12-11T15:10:30Z,0,0,en
UgyXFEgNmx2kLeeGfGZ4AaABAg,@atomicwreck2063,Yay! Brock!,2024-12-11T15:09:59Z,1,0,en
Ugy4gCvo3jAswPGjiKF4AaABAg,@Balbis1333,i thought moo left yt?,2024-12-11T15:00:53Z,2,0,en
UgxdowXwfwgT7rA_bn54AaABAg,@nikitakobzar8321,Vanoss knows french?,2024-12-11T14:54:49Z,0,1,en
UgzuoVlOlTODOfeROIN4AaABAg,@darkzero7969,We want more BO6!,2024-12-11T14:53:14Z,0,0,en
Ugx4_Fca85dETTkNOCd4AaABAg,@MusakiZAN417,6:40 is my favourite😂,2024-12-11T14:49:23Z,1,0,en
UgwC9bIH2Bu82b2Wcv14AaABAg,@MUImusicSlowed,Yoo this one hits homee...like an old Vanoss zombie vid,2024-12-11T14:46:36Z,0,0,en
Ugy4CZw7j0HZwFc59yR4AaABAg,@shoobzy3431,Love marcel constantly being high on Adderall during these bo6 sessions.,2024-12-11T14:44:40Z,0,0,en
UgxmJSBnR4V1qqAhxX54AaABAg,@bigmac404,I miss Moo 😢,2024-12-11T14:37:29Z,0,0,Other
UgxfBHeOoyY13LDFha14AaABAg,@supercam1001,vanoss sounds more genuine this video. Probably cause he is playing so well,2024-12-11T14:33:09Z,1,0,en
Ugyos7T6YqsAO2kI3fd4AaABAg,@RyanParker1167,Marcel going down and had a top tier Ninja impression lol 😂,2024-12-11T14:24:12Z,0,0,en
UgwVCb8o2Zp4guL4r_54AaABAg,@thefakecat8340,Wooo moo,2024-12-11T14:21:16Z,0,0,Other
UgyUapGJyDMRz4XfiLJ4AaABAg,@bonelayer2197,6:42. The black magic sword is truly a work of art,2024-12-11T14:16:33Z,27,0,en
UgwSFIYYg0JJkfNi5RJ4AaABAg,@FUTUR1ZT3X,I truly feel Marcel in every one of these videos. Im the one who knows the EE whole guiding the special needs (aka m friends) through set ee,2024-12-11T14:09:52Z,0,0,en
UgxFpZhyQuvsWxb26st4AaABAg,@kylejacktucker,Hawk duakie,2024-12-11T14:01:49Z,0,0,Other
UgztyeEHD75mFHoSOKB4AaABAg,@thepunisher5849,Moooooooo!!!!!!,2024-12-11T13:58:49Z,0,0,Other
UgwGaY-WTvjUCmWOBip4AaABAg,@Cheezy_Cheesburber,RETURN OF THE OUTROS!!!!,2024-12-11T13:58:30Z,0,0,en
UgzJqLpZAWuw3KbR93x4AaABAg,@theoriginalcosmicwanderer,WTF is this franchise anymore?,2024-12-11T13:56:57Z,0,0,en
UgwQesUcTO87_4LHavJ4AaABAg,@BlueGhostface,Marcel became the black future googling man,2024-12-11T13:49:59Z,0,0,en
UgyUNHRl85tHnwBnfSZ4AaABAg,@swiftsoul3726,OMG ITS MOOOOO😍,2024-12-11T13:46:44Z,0,0,Other
UgxkVl1zRyvR43BsjMZ4AaABAg,@LIL_GABRIEL05,11:38 Brock made this too funny bro 😭,2024-12-11T13:46:29Z,23,0,en
UgzpPaLIu_dnuVku4k94AaABAg,@americkanVB,"Sometimes, I still hear Moo's voice from time to time",2024-12-11T13:43:33Z,0,0,en
UgzT9Kh9CEJg48jOkYF4AaABAg,@megaheadbomb1429,WE SEE MOO!!,2024-12-11T13:43:16Z,0,0,Other
UgwHrAOv0XKz4Wj4mrR4AaABAg,@TheGort9280,I did this and I happy,2024-12-11T13:36:59Z,0,0,en
UgyKnyYJaBmQAGJekOd4AaABAg,@o.s.rplays879,Anyone watching in 2053?,2024-12-11T13:35:16Z,0,0,Other
UgxhDg0wLP6dC51aFxt4AaABAg,@haydenturner506,this feels like the old days :],2024-12-11T13:33:37Z,0,0,en
UgxphZNFTUFmTutIIMN4AaABAg,@danielesquivel3388,"Sliiiide ova heruh, Black magic 😂",2024-12-11T13:33:35Z,0,0,Other
UgziMWtzRIoVYY0_IFx4AaABAg,@ILOVEMEN69420,11:42 I love how Moo said sh t on that thang.,2024-12-11T13:33:26Z,1,0,en
Ugwjq1ujTL2BG15aZL54AaABAg,@NerdAboveALL8,Mooooooooooooooooooooooooooooooooooooooooooooooooooooooooooooooo,2024-12-11T13:29:14Z,0,0,Other
UgzsAyLGBrqw_Du5WmF4AaABAg,@thedotgiver2820,⠠⠐⠁⠁⠐⠠,2024-12-11T13:23:06Z,0,0,Other
UgxLxElaW98LH6lV-H54AaABAg,@ILOVEMEN69420,3:49 Terroriser should sound like a soundboard this clip.,2024-12-11T13:22:05Z,0,0,en
Ugx_KeL3bA1FJUSF7N54AaABAg,@Adige-Lp,Bro wtf is going on? I have never been as confused as I am when I watch BO6 zombies,2024-12-11T13:20:02Z,0,0,en
UgyQB4ySdU8m2EsgbeN4AaABAg,@gabrielalmeida106,"I was watching this at 1,25x speed. I just realized it now. I watched it at normal speed now... I felt no difference.",2024-12-11T13:18:42Z,0,0,en
UgxJHI6BZ3P5i9brDCZ4AaABAg,@AOG_Clips,Please don’t start that sliiiide over here bs again,2024-12-11T13:13:40Z,1,0,en
UgxhNBomgdzOCtIfnzh4AaABAg,@ravingPyrotechnician,Marcel is fueled with power of Adderall,2024-12-11T13:09:33Z,1,0,en
UgwmO2vsW5dX6iWd2_54AaABAg,@Jokessss,Come back Sark :(,2024-12-11T13:09:15Z,0,0,en
Ugz3xH2Eo4ZdDED1iyl4AaABAg,@marcuskreisler7209,Bro I miss Mr. Sark more than I miss the touch of my father.,2024-12-11T13:00:29Z,0,0,en
UgxEJ8j1DdiI7_OZkcN4AaABAg,@michaelblewer3993,Didn’t know vanoss knew french,2024-12-11T12:59:34Z,1,0,en
UgyZefYottzbICQs96l4AaABAg,@legomanbekfast7061,There’s so much stuff happening in this video aaaaaaaaaaaaaaaaahhhhhhhhhhhhhhhh hyaaaaaaaaaaaaat,2024-12-11T12:57:23Z,1,0,Other
Ugyeuhzum-Dj-JQyVe14AaABAg,@chefcurryy,Moooooooooo,2024-12-11T12:47:11Z,0,0,Other
UgzIaVa-XCKv5LvfoJt4AaABAg,@spencerwilliams7385,"Love how wildcat is freaking out over nothing. Even if the game did cuck him (which it did not, even if your game crashes or lags you out, you still get the exp accumaled from the match, and so long as he popped the exp booster before he crashed, then he will still get the exp from the booster as well) this maps easter egg is very quick and easy. Thier are things you can do to skip or speed past certian steps of easter egg for speed run methods.",2024-12-11T12:44:11Z,0,0,en
UgxrKfMJxkS5I8hflt14AaABAg,@KENNY_0_0_1,3:33 These are grown men btw,2024-12-11T12:43:51Z,0,0,en
UgwdsOMZ9qhd6x68yhJ4AaABAg,@EnriqueVelazquezRamirez,Zkkx,2024-12-11T12:42:21Z,0,0,Other
UgwbbfHRFP9XULq7MLp4AaABAg,@alexforgeron767,I put the video in 2x speed and Marcel sounded the exact same,2024-12-11T12:40:27Z,0,0,en
UgxFv4nYtXWaYCq6Mbl4AaABAg,@WolfheartArt,You guys should play in 3rd person,2024-12-11T12:40:01Z,0,0,en
Ugx-bgLEQphcf_QJ1Bd4AaABAg,@bappos_on_cracko4394,Citadel des Moo,2024-12-11T12:31:05Z,0,0,Other
Ugz-qgitjdVJlx5x6WN4AaABAg,@jacobplaysss561,Still waiting for them to do the terminus Easter egg anyone else??,2024-12-11T12:30:48Z,0,0,en
UgxEa2EjwlquT8vEx1F4AaABAg,@liuchenen109,"""Hock a Dookie""


That's an ancient times.",2024-12-11T12:24:47Z,1,1,en
UgxJ8k8vy-d48i6T9ph4AaABAg,@SubwayBag,"I can tell brock is now exploring his swear words again now that he doesnt have to worry about babytube, welcome back Moo",2024-12-11T12:24:31Z,0,0,en
UgytawZveXGCCgJBo514AaABAg,@justastoner.6005,It's been awhile since I heard from moooooooooooo,2024-12-11T12:13:47Z,0,0,en
UgywJsJEQyPl9SC3tV94AaABAg,@adamconley967,Mooo is back,2024-12-11T12:12:36Z,0,0,en
UgzGtWqFv0nOLXJHb4t4AaABAg,@vibechecked3648,6:41 how did that get in 💀,2024-12-11T12:09:09Z,1,0,en
UgymKm8QMIFHj1aVIBR4AaABAg,@ChandlerWaters-wp1ti,basicallyidobuydoors lol,2024-12-11T12:05:14Z,2,0,Other
Ugxgx-aps-jRCVwpjhV4AaABAg,@bagofmilk17,8:52 “can i get a hyatt for reviving you?” 😂🤦🏽,2024-12-11T12:03:00Z,0,0,en
Ugw321ESKLrB9n2CUpl4AaABAg,@micb1968,"This video feels like a true 2015 video, so goated",2024-12-11T12:02:19Z,0,0,en
UgwM61Q_ok64CgIJF6R4AaABAg,@MoldySquidFish,"We see your perks disappearing vanoss, you cant hide you being downed a lot of us 🧐🤣",2024-12-11T11:59:58Z,0,0,en
UgzhF1bPbWDXJMAyjb54AaABAg,@patrickdempsey7425,The Tobuscus throwback was great,2024-12-11T11:59:53Z,0,0,en
UgyOtEJmwFBlz07wRqN4AaABAg,@bagofmilk17,8:30  UAHHH 😫😫😩😩😩😩,2024-12-11T11:57:41Z,0,0,Other
Ugz0DRhGdC3KtsaLLGx4AaABAg,@11TiếngLàmGìĐó,Niiiiiii,2024-12-11T11:55:54Z,0,0,Other
Ugxx2c6rJ87BrfHElH94AaABAg,@theredpenguin9895,Who do the new zombie Easter eggs sound like wildcats skit Easter eggs back in the day 😂,2024-12-11T11:50:06Z,0,0,en
UgyEcSIw86n-kjawNcd4AaABAg,@Cooper-1911,Didn’t moo quite,2024-12-11T11:47:26Z,0,1,Other
UgxT5WgwJPDiP_N7C4B4AaABAg,@Cooper-1911,I thought moo like quit,2024-12-11T11:46:07Z,0,0,en
UgzV3hpZSU00ZG_OSiV4AaABAg,@EagleA123,“Hawk dookie” the old world at war zombies videos that vanoss uploaded were golden,2024-12-11T11:38:58Z,0,0,en
UgxADM-tulEJHP_tlf94AaABAg,@V9_2R,🔥WE SLIDEING OVER THERE🔥🗣️,2024-12-11T11:37:35Z,1,0,Other
UgzJmsSD6mIP-MFpQGF4AaABAg,@thatderp3247,Ahhh moos voice always brings joy to my ears,2024-12-11T11:33:59Z,2,0,en
UgwKpymUgx0yfoRIy6V4AaABAg,@alanperez.8826,Release the unedited footage please,2024-12-11T11:30:10Z,0,0,en
Ugz3hlCbtzHJssyq84l4AaABAg,@callumbarnett6127,Focking moo is back!,2024-12-11T11:27:42Z,0,0,en
UgyzhIat9bi_39GINUd4AaABAg,@LionesDuke,What just happens the sound got muted,2024-12-11T11:21:25Z,0,0,en
UgwSKzHdUXV1ziqgf354AaABAg,@ashlynhyatt1204,I felt so special in this video,2024-12-11T11:11:59Z,0,0,en
UgwUAaBb714J90yKZRJ4AaABAg,@joshbnimble,"""I AM THE GREAT CORNHOLIO! HYATT!""",2024-12-11T11:05:36Z,0,0,en
UgwaJMjZXqPve0fiao14AaABAg,@Ankaration,I'm glad I made it here before youtubebabies,2024-12-11T10:55:03Z,0,0,en
Ugwfe1ayTly2oE2K_ih4AaABAg,@fabianmurillo7518,I fkn I love how you guys play cod,2024-12-11T10:48:14Z,0,0,en
UgxcCCYuVrpG-JHQNXV4AaABAg,@Creeper-150,17:40 got me dying 😂😂,2024-12-11T10:47:01Z,0,0,Other
UgwaADPspbhKhSs9n2Z4AaABAg,@gabegerdes298,"DES MOINES MENTIONED 

LONG LIVE IOWA",2024-12-11T10:43:30Z,1,0,Other
Ugzaj_OX3LOlmI8Oh754AaABAg,@bajgen,COCK TUAH,2024-12-11T10:42:10Z,0,0,en
Ugy6GMpsunLvZI0T4Q54AaABAg,@merci_745,Vanoss french 😫 Oooh Monsieur Vanoss,2024-12-11T10:40:04Z,0,0,Other
Ugy5Cy2RKf0C2m4cPjB4AaABAg,@white_knight3983,E,2024-12-11T10:37:12Z,0,0,Other
UgyO5FvyV4JG7vTz-sp4AaABAg,@zemdoidjr5724,hawk tuah three four,2024-12-11T10:33:13Z,0,0,en
UgyIpdU00m7nE5u90YF4AaABAg,@Colsivart,The way wildcat says “HUUU I’m gonna lose my mind” at 22:50 is sending me 🤣,2024-12-11T10:19:21Z,16,0,en
UgzG2LZuKbh4We4BsB14AaABAg,@chrismunoz7859,6:38 chinder chander nigga dagger 😅,2024-12-11T10:17:09Z,1,0,Other
UgysugwdTGIiozbJDWl4AaABAg,@zemdoidjr5724,Hello,2024-12-11T10:16:45Z,0,0,Other
UgzHUXZ1t5lJmHb-ooB4AaABAg,@gunz5154,Gotta see vanoss speak some more French 🤌,2024-12-11T10:14:23Z,0,0,Other
UgzQvnQg50Gsw16g3rB4AaABAg,@NoobyNot,Where did sark go???,2024-12-11T10:06:23Z,0,0,Other
Ugx2XarVyC9K5szShOt4AaABAg,@mrsweatypancake69,Love a good loud N word,2024-12-11T09:48:25Z,1,0,en
UgweNZVxtPZswb7eeiR4AaABAg,@danielatkinson5521,i miss when zombies used to be good,2024-12-11T09:43:15Z,0,0,en
UgxI0ca3BgueyoDKdsp4AaABAg,@yeem528,ITS MOOOOOOOOOOOOOOOOOOOOOOOO,2024-12-11T09:41:00Z,0,0,en
UgxywG_I-hspNAvOqIJ4AaABAg,@tboytheasian7894,MOOOOOOOO,2024-12-11T09:33:19Z,0,0,Other
UgzWxSRpPw7mQwfEYxZ4AaABAg,@FallenAngelPsych,I love these videos to cheer me up too,2024-12-11T09:33:09Z,1,0,en
UgyZUq8j_hVJ3PG6C0p4AaABAg,@derikbierman4577,Keep uploading BO6 zombie videos plzzzzz,2024-12-11T09:32:48Z,0,0,Other
UgyZc2tmN4zfz2_EBjt4AaABAg,@nemobille5954,18:22 I have never heard vanoss scream like that before lol,2024-12-11T09:20:13Z,10,0,en
Ugzq7gAySIFVMBXepFB4AaABAg,@brianscott9521,Hearing Moos voice makes me happy,2024-12-11T09:18:12Z,0,0,Other
UgzBGo4wm9wlPSy_6_Z4AaABAg,@HerzogZAK,Moo! 💙,2024-12-11T09:16:19Z,0,0,Other
Ugwfl5CVHHxqtkAJ7_F4AaABAg,@jj_pimaster1437,I missed moo 🥹,2024-12-11T09:11:26Z,0,0,Other
Ugzx9QRa0W1hM31A7aB4AaABAg,@Philips-Andy,chicken nugget,2024-12-11T09:09:21Z,1,0,Other
UgyQy0ruLRWNvsjB6IZ4AaABAg,@themanisworthit1022,"Bro, this is gonna be the funniest video in a while",2024-12-11T09:07:30Z,0,0,en
UgwJPNJZlDMJPkhoLiB4AaABAg,@agamer293,Jeez the aderall has hit Basically hard this session XD,2024-12-11T09:03:12Z,0,0,en
UgzP-mT2cpgeLRCbu854AaABAg,@FTWDETTAH,Was waiting for this video,2024-12-11T09:01:58Z,0,0,en
UgxfpyMGk-yqWUdCJcR4AaABAg,@qrowlag42,What happened to sark??,2024-12-11T09:00:41Z,0,0,en
Ugw-4V4mEPytAiwbln94AaABAg,@themanisworthit1022,This is epic,2024-12-11T09:00:12Z,0,0,en
UgyymQsvpmHPqHEqo0l4AaABAg,@mega0056,Can't wait for the rerereupload of this,2024-12-11T08:58:54Z,0,0,en
Ugxmv3C9OuinocN_kyJ4AaABAg,@HollowPokey,I just realized ITS MOO,2024-12-11T08:58:50Z,1,0,Other
UgynKMBBRbtWPvkwu_t4AaABAg,@hudl3r618,"Lmao nogal crying to himself rn, “ hawkin a dookie” old ass gta vide",2024-12-11T08:56:53Z,0,0,en
Ugx_d_1f5sbOXFmoTRN4AaABAg,@danh7647,I feel like I just took meth.,2024-12-11T08:53:00Z,0,0,Other
UgzWWtcl5m1l6YlcgUp4AaABAg,@zain.munirzain5872,Ever since Marcel started add he has become unhinged and I am here for it also I like watching YouTubers play because had Vanoss paid attention the key to armor up was T and 4 clearly had perkaholic on it.,2024-12-11T08:51:00Z,0,0,en
Ugz2hYUIEOwo2jlYknN4AaABAg,@Clownrageous,Pissed myself 👍🏻,2024-12-11T08:49:32Z,1,0,en
UgyQuDEoaQJGRUYtGPB4AaABAg,@ggp3222,Hawk pooha shii on that thang,2024-12-11T08:49:15Z,0,0,en
Ugw4XztBCG-gKCWTKWJ4AaABAg,@fredy0397,8:27 sword sound effect 😆,2024-12-11T08:39:31Z,10,1,en
UgzI3b6Y-UUuHJWUEZR4AaABAg,@richardontiveros1895,3:30 basicallyidowrk’s stand conformed,2024-12-11T08:35:41Z,0,0,en
Ugzrj1eoDji6KY_82LR4AaABAg,@davidcastillo4141,6:52 and if brock/tyler had it it would be ⚪️ power!,2024-12-11T08:35:09Z,6,0,en
UgxHMNn4dQrzN13ibDJ4AaABAg,@pootisthegamer,*HYATT!!*,2024-12-11T08:34:31Z,0,0,Other
UgxkNz98md_hzdbiD6t4AaABAg,@frederick4381,This was great to watch,2024-12-11T08:26:28Z,0,0,en
Ugz3Z-MGgutbY2qSysV4AaABAg,@Matt-j9e7f,"The fact that moo quit you tube was sad at first but honestly he's become more open and doesn't have that family friendly aura
Which is  😂",2024-12-11T08:25:47Z,13,1,en
UgxQXjRjliYZHJwiryp4AaABAg,@nathanielmalcolm6623,"You guys never fail to make me laugh & soothe my soul with how awesome y'all are. I am also now going to just yell *""HYATT! HYATT! HYATT!""* like Marcel did when killing with my sword on this map. 😂❤",2024-12-11T08:24:48Z,6,0,en
Ugx3eHVKHAufStbE_e54AaABAg,@POVNATION,YAY BROCK'S BACK,2024-12-11T08:24:20Z,0,0,Other
UgxcaIedUiVwnFnpm5F4AaABAg,@r4eazy830,"18:50 Ahhhh yes, another niche reference that made me feel old",2024-12-11T08:23:59Z,1,0,en
UgyHO89f06ATl96HDOd4AaABAg,@ForeverRandomgamer,the edit is amazing!!,2024-12-11T08:22:29Z,0,0,en
UgyxbEOAplcNx5Heryt4AaABAg,@DwillKapalot,11:00 Brock never played zombies b4😯 wtf,2024-12-11T08:17:37Z,1,0,en
UgwWCZTJGV1BrDajlz94AaABAg,@b0mb_yt128,"I have 3 words, ""Moar B06 pls""",2024-12-11T08:16:16Z,0,0,en
UgzTHi0HgREHxCuVhB14AaABAg,@Lokathatdud,Banan,2024-12-11T08:15:14Z,0,0,Other
Ugzet2TWR0rkBBPhg7J4AaABAg,@HanzAira,11:40 rare moment where Moo say some cuss word,2024-12-11T08:08:42Z,0,0,en
Ugxtec8BvkdsVolFNeF4AaABAg,@jahoyhoy9097,See you guys on the re-upload 👋,2024-12-11T08:08:28Z,0,0,en
UgzX70wKe9dkFAU0mwl4AaABAg,@DwillKapalot,Vanoss hip fire spraying with dead shot hurts to watch😭😂But I understand he doesn't play games like that,2024-12-11T08:08:20Z,0,0,en
UgwpPkUZ7N56ybEo_fZ4AaABAg,@TheGrandArchive101,Ok Basically just is a straight up coke addict now.,2024-12-11T08:07:52Z,0,0,en
UgyhncvA1mBsz4cGKB14AaABAg,@Isaiahvs1618,Banger,2024-12-11T08:04:04Z,0,0,Other
Ugxlm7BT8wh-0L0k-XF4AaABAg,@dejahhopkins2591,i actually hope wildcat got his XP 🥲🥲,2024-12-11T08:04:02Z,0,0,en
Ugwy-DExTa96S-x1wtp4AaABAg,@HusseinChami,future googling man sure sounds different in this video,2024-12-11T07:59:40Z,0,0,en
UgyoSmE8tQYQF5PrlY94AaABAg,@Pheonixheat420-real,It has been so fun seeing vanoss doing black ops 6 zombies and having fun,2024-12-11T07:59:32Z,0,0,en
UgzMqhfsK46CH8QZExd4AaABAg,@ohlivstef,i’ve never heard marcel with so much energy lol,2024-12-11T07:57:02Z,0,0,en
UgwSLX19FX4M0sQ2no54AaABAg,@ThatRandomDruid,"Yay, Moo is back!",2024-12-11T07:40:23Z,0,0,en
UgxlKiHGPemMH0lPGbN4AaABAg,@thisismyname603,Hawk dookie? Are you 5 or what bro? Come on..,2024-12-11T07:40:17Z,1,0,en
UgxHmvJA1l04r2wv-2V4AaABAg,@josiahponce1814,A peak game room for zombies,2024-12-11T07:39:34Z,0,0,en
UgySzxjh8505CqWezXN4AaABAg,@carl11smith3n6,Moo is back ya,2024-12-11T07:36:52Z,0,0,Other
Ugy5zh59J5C2JgpgUBB4AaABAg,@Ryan-xh7pe,ayyy thanks man,2024-12-11T07:32:22Z,1,0,Other
Ugwi9lCYUzBlLv1snMF4AaABAg,@gene8275,Moo retirement are just a myth.,2024-12-11T07:30:49Z,1,0,fr
Ugx--raIsEFqZlpkjx54AaABAg,@nt1331tn,I basically do work on her wild cat till she Moo,2024-12-11T07:29:37Z,0,0,en
Ugwota4DeH8oi8769ll4AaABAg,@crownclown1794,Moo got paid again 😂,2024-12-11T07:29:27Z,3,0,Other
UgwMpwpECmVP4w6kkRJ4AaABAg,@itzjustnick4956,Slide Over HEREEE!,2024-12-11T07:23:55Z,0,0,Other
UgyFe6TAOvrnOfQeV9N4AaABAg,@jerksomar939,good to see moo back but not posting videos,2024-12-11T07:22:57Z,0,0,en
UgxAJIMX_vmwLOj8rhp4AaABAg,@Huntpromiah,When I did the Easter egg my cousins and I kept saying a magic floating orb will appear 😂,2024-12-11T07:21:59Z,0,0,en
UgyRDoRHKnW_Q3OOPIZ4AaABAg,@SpeedyWings2323,MOO!!!!!,2024-12-11T07:18:50Z,1,0,Other
Ugwj8EyHhq_W3URyAEV4AaABAg,@owencarlson9061,LOVE SEEING MOO 🐮 PLAYING!!!  MOO IDC IF YOU RECORD BUT PLAY WITHE GUYS MORE!,2024-12-11T07:17:00Z,0,0,en
Ugwgoz6OjIr1JxiGoOx4AaABAg,@kendrickgalang9453,HYATT,2024-12-11T07:15:44Z,0,0,Other
Ugw95QgcaU1RMpN3vmV4AaABAg,@YairElChivo,6:40 bruh 🤣🤣🤣🤣🤣🤣🤣,2024-12-11T07:14:50Z,2,0,Other
Ugzpt4WZzSZ0GY1qcTt4AaABAg,@worldbiggestfan1,1:29 fbi open up!,2024-12-11T07:14:19Z,5,0,Other
Ugy5iHm2l4BoljmjeRd4AaABAg,@worldbiggestfan1,We’re back in alcetraz,2024-12-11T07:13:19Z,1,0,en
Ugy_woQ0Db2WRSvPEbR4AaABAg,@OriginalMxrtinHandle,11:40 had me rolling,2024-12-11T07:12:22Z,0,0,Other
UgwdaRskWhxTZRWIz894AaABAg,@nerochromatic,"Watch, they're gonna make AI freeman step in later on.


i hope they don't.",2024-12-11T07:08:55Z,0,0,en
UgwJbwo1ZJ9QLGR4Vbh4AaABAg,@somewhatokperson8007,6:38 GAAAAAAAH,2024-12-11T07:05:53Z,0,0,Other
UgyGogZxNEGiUcPgd2N4AaABAg,@Carlyarny776,Can i play with one day,2024-12-11T07:03:22Z,1,0,en
UgxXCa6XUZNVA-KmT-94AaABAg,@sedlyholmes3722,That thumbnail,2024-12-11T07:02:46Z,0,0,en
Ugxz4WE9CI9sD7JjiQZ4AaABAg,@Thisismyidontcareaccount,"This video took me back , loved this video had me dying the whole time a new vanoss video that will become a classic",2024-12-11T07:00:54Z,0,0,en
UgydMeny9OFgssQ5RyV4AaABAg,@hideokxjimx2626,marcels on copious amounts of adderall,2024-12-11T06:59:11Z,0,0,en
UgzAsAte8sur3RBNpe54AaABAg,@JHeightz,Hawk pooah,2024-12-11T06:57:34Z,0,0,Other
UgwpluM07_f4MgZVmtR4AaABAg,@Giuseppe-Jd,"MOO! Marcel off the adderall, and zombies. What a great combination for a video 😁🤙",2024-12-11T06:56:59Z,0,0,en
UgzoiYqAv9G45K1KxP14AaABAg,@crimsonkarma13,adderal marcel ftw,2024-12-11T06:55:23Z,0,0,Other
UgzodUVOsrMOhAhfVO14AaABAg,@ashtonmulliniks512,I would love sark back was one of my favorites out of the group,2024-12-11T06:53:58Z,2,0,en
UgzMdZZtv-VVzs0WOnt4AaABAg,@theoverseer393,Hawk pooah,2024-12-11T06:53:20Z,0,0,Other
Ugx5uUG0b1u9ztqKjHJ4AaABAg,@jonathanredwolf196,lol you keep saying that who this guys,2024-12-11T06:51:35Z,1,0,en
Ugz0bSig-3jSDebrmZR4AaABAg,@PSYCHOTICHAM,MOOOOOO ?!?!?,2024-12-11T06:50:54Z,0,0,Other
UgxuQCWgNfVSwXyGChN4AaABAg,@harry-zd9gd,More door buys 😂,2024-12-11T06:50:31Z,0,0,Other
UgzZm81Vyj4B1oVeUeB4AaABAg,@Lukas77YT,hawk duah,2024-12-11T06:49:12Z,0,0,Other
UgwAFBgqHEY-wU_Zl5d4AaABAg,@PoisonFire115,"Mister Googling man, whenever I gonna get married?",2024-12-11T06:48:41Z,7,0,Other
UgyauDj3MeSowVIynh54AaABAg,@blizzardtehGOAT,Soo happy seeing moo Ngl hope he’s doing well😊,2024-12-11T06:47:17Z,1,0,af
UgzUVE8KrsG3_ESAzn94AaABAg,@BurnZKc,moo,2024-12-11T06:47:15Z,0,0,Other
UgzQMsFsncRjZzYMSRJ4AaABAg,@moistymangus,It’s nice to see moo every once in a while,2024-12-11T06:47:00Z,0,0,en
Ugxy4z_pGiapO-lcERh4AaABAg,@Ultimatefinn22,6:39 brooooooo 😂,2024-12-11T06:44:35Z,0,0,Other
UgzmouOrX0bI5mBM3cZ4AaABAg,@TheOnlyFlame,20:28 Basicallyibuydoors,2024-12-11T06:42:15Z,1,0,en
Ugy-3OhNTJWUXkgc-XN4AaABAg,@Jbskiijr,"Hey, vanoss. not sure you'll see this, but I've completed the Easter egg on round 100 and was wondering if you would do a video where you play with viewers I doubt you will but it'd be something new and I think people would enjoy watching it and depending on who you play with there's 22 smaller Easter eggs you could complete aswell I hope you have a good one",2024-12-11T06:40:52Z,2,0,en
UgwoSThfoiLuo80cbSR4AaABAg,@XYZ_Jelly,"Moo, i missed your voice",2024-12-11T06:38:04Z,0,0,en
Ugw7LJneXCM7wrkEDaF4AaABAg,@gindginnest3336,—-_,2024-12-11T06:37:51Z,0,0,Other
Ugz7CHrRfbsVE0_5oAp4AaABAg,@1990na6,Is that moo I hear,2024-12-11T06:37:33Z,0,0,en
UgxK8xyIKEG_Xq9g6fl4AaABAg,@devitbenz,6:40 black magic sword is crazy strong 😂,2024-12-11T06:36:20Z,3,0,en
Ugy_UEa0hT5evp8YVLN4AaABAg,@ZaydtheFirst,"We need to have movies or shows where the main characters jst have the VanossGang dialogue in their fights. Imagine instead of swordsmen jumping around doing stunts, they're just running around screaming stuff like ""N*CACHU"" ""BLACK FRIEND I CHOOSE YOU"" ""GIMME THEM ANKLES BOI"" ""SLIDEEE""",2024-12-11T06:35:33Z,0,0,en
UgwGPln5DMZ1BA3s0od4AaABAg,@hwtival,BROCKKKKKKKKKKKKKKKKKKKKKKKKKKKKKKKKKKKKKKKKKKKKKK,2024-12-11T06:35:27Z,0,0,Other
UgwsrNERL26I7_UIdtp4AaABAg,@isaiasvasquez,Podcast would be Hawk Puah,2024-12-11T06:33:35Z,0,0,en
UgyNeZrbGjTaquEJNgV4AaABAg,@codesilvergaming,Hawk a dookie and sh*t on that thang,2024-12-11T06:33:26Z,0,0,en
UgwPT3Z6m-DTDQpVyLh4AaABAg,@devitbenz,3:32 hyatt hyatt,2024-12-11T06:29:41Z,0,0,Other
Ugz9WdkIJC6o_z3T2YR4AaABAg,@eliasmustafa3690,moooooooooooooosnuckle,2024-12-11T06:29:28Z,0,0,Other
Ugw6CG9aCVrvu6U3R-14AaABAg,@CB-THE-OG,Yay moo is back!,2024-12-11T06:28:10Z,2,2,Other
UgxXPMQKjVgGSS9365h4AaABAg,@shanlydakay1778,Hawka Dookie Podcast SOON,2024-12-11T06:25:53Z,0,0,Other
UgzRPhRAvFKQFNpa9sR4AaABAg,@hollowedrose4125,hearing moo curse is still something I am not used to after all this time,2024-12-11T06:25:34Z,0,0,en
UgyhS166YfA105mcAsB4AaABAg,@Cranex2,"18:57 Marcel ""My black magic not working it's ineffective it's to pure""",2024-12-11T06:22:39Z,2,0,en
UgzrkhZEfwry9eIRyA54AaABAg,@dxlone6694,elden ring in bo6 before gta 6,2024-12-11T06:22:07Z,0,0,Other
UgxrBay0G70_s0alUvZ4AaABAg,@Ukualime,Hey Vanoss im still glad to see your still uploading you always make me smile even in my darkest hours 😊,2024-12-11T06:21:51Z,0,0,en
Ugyy6jh7U52q5xXfih54AaABAg,@the_right_nut_4722,MAGIC DOOR OPEN,2024-12-11T06:21:05Z,0,0,Other
UgzNoHyXCkUxD8vVNoZ4AaABAg,@vocaldinosaur3,It's good to see Moo again,2024-12-11T06:16:34Z,0,0,en
Ugy4Y2MDfz8wSQByiOx4AaABAg,@michaelrodriguez1788,I’m committing multiple felony’s rn and watching vanoss life is the best,2024-12-11T06:14:41Z,0,0,en
UgxXFM71Xdo7_aYmQpJ4AaABAg,@force9446,"damn, adderall is a hell of a drug",2024-12-11T06:13:22Z,0,0,Other
UgzcB3LT0LiCVNbGxJJ4AaABAg,@ineedcornholioformytp,MOO IS BACK LFG,2024-12-11T06:13:11Z,0,0,en
UgyxSNu6vyurU3XvsXt4AaABAg,@charlieeff2001,Come back sark :(,2024-12-11T06:10:27Z,0,0,en
UgzCC5pjh_P5s07yvpJ4AaABAg,@lasttwitch946,Yall normally refer to other memes but NOW yall are the other memes,2024-12-11T06:07:55Z,0,0,en
Ugy1h-RLWgOf1jLgy9R4AaABAg,@DP4ng,MAGIC BOOK,2024-12-11T06:07:34Z,0,0,Other
UgzSCp57fPOkKlgF0u54AaABAg,@blazeskillzrudolph5819,6:40 black N 😂😂😂😂😂,2024-12-11T06:05:48Z,1,0,Other
Ugw-al5N4ftltmFK1p54AaABAg,@bryan.lopez1650,Aye man idk what yall be struggling on I did this done on Round 15,2024-12-11T06:05:24Z,1,0,en
UgwTFzBUk49pMn-vZsR4AaABAg,@SundanceCassidy,Moo!,2024-12-11T06:04:39Z,1,0,Other
UgxoMh8JufEDuReTPcF4AaABAg,@Darkestworm,The fact vanoss got yellow because he is yellow 😂,2024-12-11T06:03:29Z,0,0,en
UgzsGM9MYwJE6ZDy7Qt4AaABAg,@Scromanoe,Really hope they drop the old maps in this game too 😭 I LOVE this game,2024-12-11T06:03:23Z,0,0,en
Ugz2xwpt-595m_4UwS94AaABAg,@emvt9590,Moooooooo,2024-12-11T06:03:18Z,0,0,Other
Ugyq71Y7_XKgRfppdNh4AaABAg,@blazeskillzrudolph5819,3:30 lord Hyatt,2024-12-11T06:02:17Z,0,0,en
UgzbskPYsutLKPZzOtF4AaABAg,@Nero4twenny,"Yo, you guys should play Nuclear Nightmare. Guaranteed content.",2024-12-11T06:02:16Z,0,0,en
UgyIpt91TSDnPY_CS0F4AaABAg,@benzoladlam,Gonna say it now happy I got to watch the original before it’s re uploaded,2024-12-11T05:59:34Z,0,0,en
UgxCcFqTK5t-BuuyeZV4AaABAg,@TyeFighter99,BasicallyIDoAderall 😂,2024-12-11T05:56:43Z,0,0,Other
UgwKZYyKQBFe8yLkaAV4AaABAg,@mexicanrooster.,Love this video much love bro,2024-12-11T05:54:13Z,0,0,en
Ugzd-HeNOcOs_s6BX3x4AaABAg,@crimsonkarma13,"dang marcel is like master prestige, mate makes a fire trail every time he slides",2024-12-11T05:54:09Z,0,0,en
UgwBJDHN1y-PiCgKewh4AaABAg,@Hectoreo,"i love how basically is either the most unhinged person or the most normal at any given time, with zero in-between lmao",2024-12-11T05:51:50Z,0,0,en
UgwmaUomMXkQkdzXL114AaABAg,@lonelypumpkins3543,Moo’s Back!,2024-12-11T05:51:25Z,0,0,en
Ugxdx2_eulzj_AIl3Lp4AaABAg,@justintesara18,2:17 yeah pls comeback Sark we miss u😢,2024-12-11T05:50:41Z,332,4,en
Ugy3vx7s0MvOfqCKjCF4AaABAg,@ZombieHunter115,"Hey, Moo.  Good to see you.",2024-12-11T05:49:23Z,0,0,Other
UgzHev2u6bbsFjYSYsZ4AaABAg,@silkwind7618,6:48 Of course the Asian guy is Yellow 😭,2024-12-11T05:40:13Z,18,0,en
Ugy7b_7PtpbWZT1vxGF4AaABAg,@theboyofmadness8084,I think Marcel popped an adderall before the session started,2024-12-11T05:38:00Z,0,0,en
UgzpCwI9dMlzrub8z9Z4AaABAg,@misterclapps,This map is MASSIVE,2024-12-11T05:36:35Z,0,0,en
Ugz1nOnR7vD0EvwDEWJ4AaABAg,@tyrantloose1949,It’s so fucking dark,2024-12-11T05:36:09Z,0,0,en
UgxYo0TX2junvHs1mNF4AaABAg,@tristansmith-ek4yh,I'm so happy the crew is still mostly together. I used to watch them when I was in 5th grade and now im 19 and graduated high-school,2024-12-11T05:35:51Z,11,0,en
Ugxfu8u5s-GtzPWe9lN4AaABAg,@dxd1411,Oh I can't wait for the RE-UPLOAD version,2024-12-11T05:35:05Z,0,0,en
Ugx3DSIR7VDHJ-kEE5J4AaABAg,@sugariver,like this if ur here before this gets reuploaded 💀,2024-12-11T05:34:52Z,1,0,en
UgzmPjfChf9wiqz_dql4AaABAg,@shirowids,i loe watching these before the YT Babies nuke hits,2024-12-11T05:34:38Z,0,0,en
UgxbOcXNadBoXWnF0bx4AaABAg,@deadzero364,this mad is pretty terrible tbh especially the fact they added bosses to zombies every second,2024-12-11T05:33:04Z,0,0,en
Ugy7mG_8wwuDInDJgkl4AaABAg,@Mexican_Axolotl6,Can tell they are somewhat having fun,2024-12-11T05:33:03Z,0,0,en
UgzPuh17iXmW8izn3zp4AaABAg,@Straw_Hat_Asta,It's crazy how Brock is actually laughing along with the edgy jokes normally he's like oh no or ohh boy🤣,2024-12-11T05:31:17Z,0,2,en
UgwZt2KYPrkXn1ztwYJ4AaABAg,@mars0110z,i love you,2024-12-11T05:29:28Z,0,0,Other
UgwMDnGzszCCaBhln6B4AaABAg,@elizaaguinaldo5574,"For Dude I’m Not Scared, please do A Quiet Place🥹",2024-12-11T05:28:49Z,0,0,en
Ugzd6nbbQaTtJ-ylu854AaABAg,@bladeandprecureoduncu8357,WAKE UP EVERYONE! Brock is Back,2024-12-11T05:28:34Z,2,0,en
UgynVzl5iZQsHjdfdkR4AaABAg,@NATO_THUNDER,Return of the king 😭,2024-12-11T05:28:34Z,0,0,en
UgxfGhbQIdpzMkJt15N4AaABAg,@NegroMan445,Insane vanoss didn’t upload this a month after the map came out,2024-12-11T05:24:40Z,0,0,en
Ugw-QaL0U2QMoftiSX54AaABAg,@SwiftHN,Love how he spawns in with a pistol like old cods while everyone else doesn’t 😂,2024-12-11T05:23:48Z,0,0,en
Ugx-PcU0NHdtyAPZD3J4AaABAg,@holyugandanpriest1122,Can't wait til BabyTube makes Mr. Vanoss re-upload this video 2 more times 😅,2024-12-11T05:23:05Z,0,0,en
UgzIrQwtwy7VNGQd7814AaABAg,@kumi4898,HI MOO!❤,2024-12-11T05:23:03Z,0,0,en
Ugzvv_cmSrS-QW72hLp4AaABAg,@1nterzept661,Glad to see Moo back,2024-12-11T05:20:28Z,1,0,Other
Ugxg4nkw0GqoC7aQ-P14AaABAg,@Weneis,Wene,2024-12-11T05:19:47Z,0,0,Other
UgyzeblED_CYDlzGaMt4AaABAg,@Chummy653,❤❤❤,2024-12-11T05:17:26Z,0,0,Other
UgzY3eX5xWDanoNXa2l4AaABAg,@af3007,Moo??? Oh yes daddy,2024-12-11T05:16:43Z,0,0,Other
UgyNi53x9EBNFiidY6d4AaABAg,@2godly4u_,Hawk a loogie,2024-12-11T05:15:55Z,0,0,Other
UgzsjjoHFjHchuutpdZ4AaABAg,@CkWilD,6:40 lmao!!!!!,2024-12-11T05:15:22Z,0,0,Other
UgyPBPzrOt8UdaCkbMl4AaABAg,@codelicious5429,"Same energy, just a different year",2024-12-11T05:14:43Z,0,0,en
UgzXM62dQnDvOwCLMaF4AaABAg,@Eemo_King,Mooooooooo!!!!!!!!🥲🥲🥲🥲,2024-12-11T05:13:04Z,0,0,Other
UgxI_NfYNhuTsKFMkDV4AaABAg,@xxjonathanxx,Best video in the world 😮,2024-12-11T05:13:02Z,0,0,en
UgxUgMd9BSzrvAhv4rJ4AaABAg,@mat-k-1,6:41 - cya guys again in the re-upload 😂,2024-12-11T05:12:57Z,0,0,en
UgwV675UQhT-_piWCuZ4AaABAg,@unhingedhuman,"Youtube please don't,
We're in 2000 Teens rn 😭",2024-12-11T05:08:41Z,0,0,en
Ugxkqf3k-yEmUkiOISR4AaABAg,@Fro_manX,Cooking with kya,2024-12-11T05:07:17Z,0,0,en
UgzLlcPh9UazpNDYjFN4AaABAg,@Fro_manX,After watching wildcats game glitch finallyyyyy,2024-12-11T05:06:57Z,0,0,en
UgwrIGnZ7mBb4uC6qPB4AaABAg,@Louylou187,loves moo laught at the end,2024-12-11T05:06:38Z,0,0,en
UgwLquU3cONK4REdH0p4AaABAg,@JustSovqnx,bring back the cookies vs santa game😭🙏,2024-12-11T05:06:06Z,0,0,en
Ugxkgwt2pi6o6ohUt5V4AaABAg,@keldeostudies149,"3:28 we need this entire bit and the part leading up to it animated

I just imagine basically going full murder prime

Edit:""then again this whole video needs to be animated. This is also the most energetic basically has been",2024-12-11T05:05:48Z,70,0,en
UgyCTpuBe7NmojSV3NV4AaABAg,@hapyy2smile377,"Took me a moment to realize moo was actually back to play 😭😭😭, I love him in the group",2024-12-11T05:05:33Z,2,0,en
UgyBlcF9vOD63zRQzQN4AaABAg,@YoBoyScar,amazing video,2024-12-11T05:05:05Z,1,0,Other
UgwwynNGsArgb8xWkFp4AaABAg,@jamesmedley6704,We we,2024-12-11T05:03:12Z,0,0,Other
UgyrCle9IcDYJ9S4KO14AaABAg,@a50ftfall6,Sure can't wait for this to be taken down three times for no good reason.,2024-12-11T05:02:24Z,0,0,en
Ugymp1lQGG1Gtqh8QRh4AaABAg,@axelforsberg5028,I havent laughed this hard since your og gta 5 videos,2024-12-11T05:02:17Z,0,0,en
Ugyx1ppM1b8cD5AbvzZ4AaABAg,@raulmeza2542,Yall need to bring back the phasmophobia videos,2024-12-11T05:01:40Z,0,0,en
UgxSNenOv8U3VAopI0F4AaABAg,@suppress0rAK,yeS.,2024-12-11T05:01:08Z,0,0,Other
UgzBVdlrI4d1SyozEQ54AaABAg,@Junior-bo9pz,Anyone in 2020,2024-12-11T05:00:30Z,0,0,Other
UgxckdOhaKHvBicaeK94AaABAg,@yuhy4119,Hey vanoss doubt you’ll see this but if you don’t like the health bars or damage numbers you can turn them off I personally not a fan I like og zombies,2024-12-11T05:00:05Z,0,0,en
Ugz-ziaNPZWMEIN8pX94AaABAg,@Ph4nt0mL0rd,Omg it Moo!!!🗿👍🏿,2024-12-11T04:59:08Z,0,0,Other
UgxZ7IrlcHcCfWKtrk94AaABAg,@410colepyro3,It's Moo,2024-12-11T04:59:05Z,0,0,en
UgxZ4WH470yFtf9WjnB4AaABAg,@gamergumilyov8579,"New vanossgaming movie ""Finding Sark""",2024-12-11T04:54:07Z,2,0,Other
UgwrVvZc23M_IxaXtdR4AaABAg,@Xerkxees,MOOOOOOO ❤❤❤,2024-12-11T04:53:50Z,0,0,Other
UgwK86jNI-qAriH7FsV4AaABAg,@lukassmith9863,Our Favorite Moo Snuckel is back! Yes it’s so great to hear him again.,2024-12-11T04:53:12Z,1,0,en
UgwSWm-qM6tz9dCDSWl4AaABAg,@TLtheDude,Glad I saw this before the reupload,2024-12-11T04:48:19Z,0,0,en
Ugwz2OLSPVOWnYZFEdB4AaABAg,@oddisee7105,Bro when is moo gonna hang it up? Thought he was done but now he’s back with his “oh my freaking gosh” bullshit,2024-12-11T04:48:17Z,0,0,en
Ugz4LweCpxYCiSjFUbJ4AaABAg,@amon__7187,Not the usual group. Rare combination,2024-12-11T04:48:09Z,0,0,en
Ugxp7n8jiQcpAPPVMdZ4AaABAg,@UnKnOwN071X,Monkey that it,2024-12-11T04:46:45Z,0,0,en
Ugyfeb_f-nsVYgnzfGl4AaABAg,@RichardSmith-999,I miss when they would all play maps for the first time together and all had to learn the map and everything was more surprising and genuine 😢,2024-12-11T04:46:25Z,1,0,en
UgwMMY_KVy7y9qh3B3F4AaABAg,@yursk12,The zombie vids are always the best,2024-12-11T04:45:36Z,0,0,en
UgzscvUgZT3ftqEkbVx4AaABAg,@daltonchalk9155,Discuss Dookie,2024-12-11T04:45:26Z,0,0,Other
Ugz3fnSg2xVSdpd4pjt4AaABAg,@PixlPlayer,Moo!,2024-12-11T04:45:10Z,0,0,Other
UgyjNitc5fZniV_p2xx4AaABAg,@Zentheria,Oh they be hockin' a dookie alright!,2024-12-11T04:45:03Z,0,0,en
UgyAjcGmHMW7ACwBmUp4AaABAg,@kickeddroid,Moooooooooooooooooooooooooooooooooooo 😊,2024-12-11T04:43:45Z,0,0,Other
Ugws_kZlA5KU5Rn0_u14AaABAg,@kickeddroid,Who was here before 2832,2024-12-11T04:43:27Z,0,0,en
UgyvP-1MpA-XawKos3h4AaABAg,@RadicalOne217,6:41 and this videos getting reuploaded. 🤣🤣🤣,2024-12-11T04:41:12Z,0,0,en
UgxlXD0Y1ABAJX5n2HZ4AaABAg,@kjwarewolf,Any glorps in 3047?,2024-12-11T04:41:08Z,0,0,en
Ugzy1qpCqHwxdvsGLo14AaABAg,@kranjos,"11:25 I love when old references like ""Hawkin a dookie"" come back. Makes me reminisce about some of the funny moments from back in the day =)",2024-12-11T04:39:45Z,214,1,en
UgzZBAE2qZw-vXGgQWt4AaABAg,@kayden232,man really loved seeing what 1 sword did,2024-12-11T04:39:01Z,0,0,en
UgzcbB-jCWPLlWABMIh4AaABAg,@joejack1452,6:38 LMFAOOO,2024-12-11T04:38:35Z,0,0,Other
UgyR0DFGA9c5IJIrIDN4AaABAg,@memeboi6942,"6:41: Did not expect Marcel to go for the full joke and just say the n word, lol.",2024-12-11T04:38:16Z,4,0,en
UgxGxXNR1cd-elpn3AR4AaABAg,@Riddlebox64,I sense a re-upload approaching,2024-12-11T04:37:54Z,0,0,en
Ugx0hovwQE4SAzH3B1d4AaABAg,@rj.tv.007,"Yay, Brock is in the sesh.  Always nice to hear him apart of these vids",2024-12-11T04:35:49Z,1,0,en
UgxDl2UPVHTUWAHfpTd4AaABAg,@KuhEyeUhl,Anyone still here in 2013🙋🏻‍♂️🙋🏻‍♂️,2024-12-11T04:35:32Z,0,0,en
Ugzv27XpoLuDotRFuqt4AaABAg,@alrighty268,2:01 BRO THAT SCREAM WAS WILDDD,2024-12-11T04:35:19Z,1,0,en
Ugw2HHPa4ZJLb-HlYKB4AaABAg,@swagbucks6794,Slide over here 🗣🗣🗣,2024-12-11T04:34:53Z,0,0,Other
UgxijXfyqjs3kKdeRed4AaABAg,@DDYGate,Was doing this maps ee last night with my buddies. Once we got to the step where all statues are glowing gold and you grab the orb. Every single one of our games crashed. Im so sad (5 minutes before boss fight),2024-12-11T04:34:06Z,0,0,en
Ugz2usoFWLeEOGee4Pt4AaABAg,@Willard10,1 year gang,2024-12-11T04:34:03Z,1,0,Other
UgwHtYzIDR7E9OPNzul4AaABAg,@Hendiwendy,Can’t wait for the animated version lmao,2024-12-11T04:33:03Z,0,0,en
UgzOH_4Qf_2rKvHR8wF4AaABAg,@hirohiroarikawa6806,"It took me 0:51 secs to realize moo is in the video.

LETS F*CKING GO!!!




Also 3:30 🤣🤣🤣",2024-12-11T04:32:24Z,0,0,en
UgwNuVQsFnLpPzTs9hN4AaABAg,@dakotakillian4768,I thought moo retired,2024-12-11T04:31:40Z,0,0,en
UgyVoOTPjWpMqCB2PoF4AaABAg,@randymarsh5617,CITADEL DES MOINES that’s what me and the homies call it,2024-12-11T04:31:04Z,0,0,en
Ugw5Ev8Z5TAcVFzfX0h4AaABAg,@Rico_Suave01,Love seen them play the new zombies,2024-12-11T04:30:47Z,0,0,en
UgzG78rKaxPXZDp3hSB4AaABAg,@WHunterIDK,"2024 brainrot,
Peak gameplay",2024-12-11T04:30:02Z,1,0,Other
Ugxl9usD6tiVsQvclDt4AaABAg,@zubz7761,14:04 perfect,2024-12-11T04:29:47Z,0,0,Other
UgyqHuOygyo3c5zSzGp4AaABAg,@cody3335,Sliddddddeee ova here,2024-12-11T04:29:34Z,0,0,Other
Ugw21GfHbEk_lq-Oa1N4AaABAg,@zubz7761,Here before gets taken down 😂😂🫠,2024-12-11T04:29:22Z,0,0,Other
UgxjprvhIueifwb2tBF4AaABAg,@drecapito,"6:41 , knowing YouTube track record, I’m gonna rewatch this video again dw 🤣",2024-12-11T04:29:09Z,10,0,en
Ugy8uRI4DJLS3JuyAh14AaABAg,@bigdadyturtlegaming_9831,What's truly crazy is realizing that I been watching vanoss so long that iv never un equipped his fortnite emblem let that settle in lol,2024-12-11T04:29:04Z,0,0,en
UgxOMu98hAXJcdjjpf14AaABAg,@xwol466,18:57 black powers lol its black magic,2024-12-11T04:28:59Z,0,0,en
UgxMt56vs0piuu0MaMp4AaABAg,@allygamers,"marcel's adhd was through the roof in this video, i love it",2024-12-11T04:27:59Z,212,9,en
Ugy6p2WWvqjxMRDUaQR4AaABAg,@cody3335,Marcel is stimming,2024-12-11T04:27:49Z,0,0,en
UgwpgV0jkeqNdPEPoxR4AaABAg,@bencookies7387,Moo is back,2024-12-11T04:27:19Z,0,0,en
UgyS176wJfJG_8pR8094AaABAg,@applez8095,oui,2024-12-11T04:26:44Z,0,0,Other
UgzosYmWjmzNFxvNHEV4AaABAg,@agentlinrov1474,There's another cutscene on the map if you play as Maya. It's to deal with Franco.,2024-12-11T04:26:15Z,0,0,en
UgzSppbEylWWKzCp21l4AaABAg,@kami4420,moo is back?,2024-12-11T04:23:38Z,0,0,en
Ugz6r9qjgmpodw8xFaB4AaABAg,@rudyzesati2042,We need Brian in one of these and have Marcel take the whole bottle of adderall,2024-12-11T04:23:33Z,0,0,en
UgxDYmzszmtQwkC48HB4AaABAg,@mantazerted7155,Whats wrong with marcel Adderall is not supposed to do that assuming hes taking it for ADHD,2024-12-11T04:23:33Z,0,0,en
UgyfBQNIOBXXXEUug7l4AaABAg,@epicpila,6:41 wow what a move,2024-12-11T04:22:52Z,1,0,en
UgyBlDWuqzepSSZHjuZ4AaABAg,@thealandude9146,hyatt,2024-12-11T04:22:18Z,0,0,Other
Ugzq6c7u_fjJZSgZ__Z4AaABAg,@a1d3nha4dy,This is soul food right here,2024-12-11T04:22:11Z,0,0,en
UgwgZ-LXYH9yBmBVRFJ4AaABAg,@SebastianMoore-g9z,Moo!!!,2024-12-11T04:21:58Z,0,0,Other
UgzXVc2Fkh93V9v_XtN4AaABAg,@Salvador-gb1wh,Almost 26 million subs!,2024-12-11T04:20:13Z,0,0,Other
UgzTnyMdi4KQ7CEy5JN4AaABAg,@LarryDaLobstah,I’m a simple man. I see a Vanoss upload. I smoke up. And I click like,2024-12-11T04:19:53Z,0,0,en
Ugxjnrc6QMqU1vo3SPV4AaABAg,@abdulkhalidnashwan2072,8:30 default CS death sound,2024-12-11T04:19:37Z,0,0,en
UgwEm7IOtJLf7mSDVTl4AaABAg,@Wolvenstorm-5271,Adderall Marcell is easily the funniest guy alive.,2024-12-11T04:19:33Z,0,0,en
Ugx5u3qTBsuL6yLwgS94AaABAg,@fredfrd-f4g,moo,2024-12-11T04:18:54Z,0,0,Other
Ugy_o0dsmV1b-mGbEKR4AaABAg,@Bobzwik,MOOO!,2024-12-11T04:18:44Z,0,0,Other
Ugztblj87Flaopmmx-14AaABAg,@justifiedxp,Not usually a fan of watching the new COD games or videos but this one was a real entertaining watch lol.,2024-12-11T04:18:38Z,3,0,en
UgzUdot7LnH8FkiCvz14AaABAg,@zubz7761,Here before gets taken down 😂😂🫠,2024-12-11T04:16:48Z,0,0,Other
Ugzryn83_7x5P5sdj3B4AaABAg,@thesheepersgame5199,Glad Moo is back in CoD zombies.,2024-12-11T04:15:37Z,0,0,en
UgxNIa5MgWPd25DEV594AaABAg,@normalhuman4717,Nikachuu !! I choose you !! HAHAHA,2024-12-11T04:15:18Z,0,0,Other
Ugxynx4ZWG4P9BTj5Vl4AaABAg,@Proyektols,0:15 mawk tuah?,2024-12-11T04:15:01Z,1,0,Other
UgwbnQblJ8lqWFz3h5R4AaABAg,@Ninj4C4nnon,MOOOOOOO,2024-12-11T04:14:57Z,0,0,Other
UgwHbI_gHpoWW1k7pDV4AaABAg,@andysmandy2300,UPDATE REQUIRES RESTART getting in the way yet again. Typical.,2024-12-11T04:14:52Z,0,0,en
UgyE9cc-RCb9CdRW-TV4AaABAg,@tome4921,SCREW FUTURE GOOGLING MAN WE GOT CRACKED OUT GOOGLING MAN,2024-12-11T04:14:52Z,0,0,Other
UgzlRMpS7qKlQ1ZW5IB4AaABAg,@lemons2513,"This is crazy man this mf like drake he just keep coming and coming and coming, I used to watch vanoss like 8 years ago man  where tf has the time gone",2024-12-11T04:14:24Z,0,0,en
UgwCuAHyFjzh4pLPeVN4AaABAg,@JustWatchingInFreeTime,"damn, 4th member is always replaceable xD",2024-12-11T04:14:04Z,0,0,en
UgxJxUe67bBW5uewfyR4AaABAg,@smokemeter,HYATTT,2024-12-11T04:13:49Z,0,0,Other
UgzCc11Dyrv1O9jyMuR4AaABAg,@tylerreed2719,why’s he back,2024-12-11T04:13:44Z,0,0,en
UgwOKnMjTUyQR2RGvZN4AaABAg,@myhanhuynh8930,"6:41  I wasn’t expecting that from Marcel 😂😂
Just now going into work and getting blessed with another classic cod video
wow this will be the first video i have been this early to in years",2024-12-11T04:13:42Z,214,1,en
Ugwu_QIsY881hI_rWYt4AaABAg,@slumptydumpty3058,"15:00 ""I CAN SWING MY SWORD SWORD"" a flashbang of old childhood memories.",2024-12-11T04:12:38Z,1149,20,en
Ugxc5p0HyPXTa4bcVQR4AaABAg,@yeungkent2635,"Wait~
Moo is here?!",2024-12-11T04:12:33Z,0,0,en
UgzEjZ6VidktqjvRBHh4AaABAg,@zubz7761,I miss sark just watching the phasmophobia vids again 🥲,2024-12-11T04:12:18Z,1,0,en
UgxrAMNa4Yif6SDg-D14AaABAg,@mangaming1942,Can't wait for this to get reposted 3 times,2024-12-11T04:12:13Z,0,0,en
Ugx2CFxjO0E94PanXU14AaABAg,@ExileDragon47,Nice to see Moo is back! 😊,2024-12-11T04:12:01Z,0,0,en
Ugw0oMfJlsFHTV2cNct4AaABAg,@Wacdonaldnoneyt,La nuit porte conseil,2024-12-11T04:11:59Z,0,0,Other
UgwqlFu5nQtwsnh9dcF4AaABAg,@AoD_Slayed,tobuscus reference😭,2024-12-11T04:10:15Z,0,0,en
UgyWegcmJ7JNC9AaTxd4AaABAg,@BANANAFREAK212,"17:38 i thought marcel was gonna say ""cause im black uh""😅😅😅",2024-12-11T04:10:09Z,0,0,en
UgwX2Enu8TF_DTVD4hR4AaABAg,@coconuthat7902,I love moo,2024-12-11T04:09:23Z,0,0,Other
UgyuZUbodJLtXq3vYjd4AaABAg,@StrangeRTY7,might wanna get on that reupload... fuck was said three times around the end of the video within 15 seconds... babytube donnn'tttt likee thaaaat,2024-12-11T04:08:42Z,1,0,en
UgzZiuiW9xuaDnUw-L94AaABAg,@theun_known420,Omg I LOVE MARCEL ENERGY 😂😂,2024-12-11T04:08:17Z,0,0,Other
UgzbX60p9wFUSHP9k254AaABAg,@StudMuffin1624,"POWER OF BLACKKKK MAGIC .......
..........
NIGGGAAAAAA",2024-12-11T04:08:10Z,0,0,Other
Ugy_skX_ZHw730LVMGZ4AaABAg,@kbmmi,dadsnuckle,2024-12-11T04:08:05Z,0,0,Other
Ugw_Sn5hOGp-QM38E3N4AaABAg,@neodayz3070,"8:08 I thought they were gonna reference ""Gonna wanna stick it through the fuckin eye of a sabre tooth tiger""",2024-12-11T04:07:27Z,0,0,en
UgzGpHXqsz-nNc-7l5F4AaABAg,@joker-man74,Moo Is Back Again!,2024-12-11T04:06:23Z,0,0,Other
UgxMZJPH8xBhebrCOIR4AaABAg,@emily6418,Marcel just might be on adderall,2024-12-11T04:06:11Z,0,0,en
Ugyc1zdPNuheUA1Bimp4AaABAg,@TwEaKThatsMe,"Under one hour gang
👇",2024-12-11T04:05:59Z,0,0,en
Ugy5qIQ5XpXEsBIFR114AaABAg,@bradleypelkey4597,"Just a little PSA to all vanoss viewers. Please report all the bots you see. I've seen one of those bots with the ""anyone here in (random year)"" format and it's profile picture was showing EVERYTHING. Yet vanoss gets the ""YouTube babies for dropping a few too many F bombs.. The hypocrisy of YouTube is quite crazy. Anywho, ladies and gents report em all and have a wonderful day/night ❤.",2024-12-11T04:05:30Z,0,0,en
UgwO3MSgZQJF_72ybal4AaABAg,@BANANAFREAK212,15:00 wildcat singing this minecraft classic got me cryin 😂,2024-12-11T04:05:10Z,164,0,en
Ugw6zSquB9wv2a3E5ZR4AaABAg,@qbnoahlol,Yes!,2024-12-11T04:04:50Z,0,0,Other
Ugyz5R7zJYvu5qzigRB4AaABAg,@rogerricalde2567,My mind is BLOWN AWAY.,2024-12-11T04:04:42Z,0,0,en
Ugwe44Aizw4e13bVqKJ4AaABAg,@OG_Payment,Oh boy here we go again!,2024-12-11T04:04:39Z,0,0,en
UgxuIDjDC0dLX7iWFo54AaABAg,@RoboGoboHopper11725,Der Eisendrache Vibes,2024-12-11T04:04:11Z,0,0,Other
UgyH7uwM_FwJid4GY0R4AaABAg,@icychill105,We hawking a loobie to this one,2024-12-11T04:03:30Z,0,0,en
Ugxaq5-34wPWY6eIOZN4AaABAg,@FurryNonsense,"Yep, we lost him",2024-12-11T04:03:13Z,1,0,Other
Ugz29H5wO7l70VSrWt94AaABAg,@EserPiecer,MOOOO,2024-12-11T04:03:01Z,0,0,Other
UgxLcsryQxcqpp0aYa14AaABAg,@sexypotato93,"Personally, I feel like Basically’s too loud / irritating",2024-12-11T04:02:55Z,1,0,en
UgwdkaCNkvoAJeTTmad4AaABAg,@assassinfan1000,Turbo Granny be like: 19:30,2024-12-11T04:02:16Z,18,0,Other
UgxktZuxsYuQgNjNuRp4AaABAg,@jastinbalanquit,6:41- means this video will be reuploaded and I'll gladly watch it again lol,2024-12-11T04:01:12Z,636,5,en
Ugw910SL4vz_B8CeNYl4AaABAg,@ozitona7704,"ITS SOOOO *GOOD* to have Marcel back, we're so back...and moo!",2024-12-11T04:00:31Z,7,0,en
Ugx3XYaJbqXOIy9gxvt4AaABAg,@lilkenshawty,brocky poo is back <3,2024-12-11T03:59:53Z,0,0,en
UgykTwMVPQNCbnfcKC14AaABAg,@loganpursley2830,Ik,2024-12-11T03:59:31Z,0,0,Other
Ugwq47XoxY6KCHw1eEl4AaABAg,@xgoroeditsx,I have a feeling that Babytube isn’t gonna appreciate the 6:42 part of this video 💀,2024-12-11T03:59:28Z,1,0,en
Ugyr7g4Djv4PYrEw63Z4AaABAg,@OGJohnMarston,15:00 Wildcat singing Tobuscus is a subtle crossover that makes me happy,2024-12-11T03:58:47Z,1784,12,en
Ugz07yDcP6hC5PbHaqF4AaABAg,@diegogomez602,I love Marcel like that lmao,2024-12-11T03:58:33Z,2,0,en
Ugy1aDlOTEtGuVdzA3h4AaABAg,@medleymelrose3624,"Ngl, this video made me laugh like the old days",2024-12-11T03:58:29Z,0,0,en
UgwtU_dwN4IkJI943A54AaABAg,@OldManLuffy,this shits so much easier with a squad its borderline impossible doing all this solo,2024-12-11T03:58:27Z,0,0,en
UgzfkKG3zK0wTaPrE5V4AaABAg,@ze_glitchy_gamer7629,"""You know french right?""

""Oui""",2024-12-11T03:58:24Z,2,0,en
UgzCSDk-yb0lRnmgBPt4AaABAg,@DaSalvationarmy,Didn’t expect the tobuscus reference from wildcat,2024-12-11T03:58:09Z,0,0,en
Ugwq0YqdjCEJcy_R9Eh4AaABAg,@Leieve,Banger thumbnail,2024-12-11T03:57:57Z,0,0,en
Ugwi683J49Qm49TEyLl4AaABAg,@Cpneuma,sark my love..,2024-12-11T03:57:47Z,0,0,Other
Ugw9zqRT3sTDJpZt6I94AaABAg,@jonathanwolfman4581,Watching before he takes it down cuz of YouTube,2024-12-11T03:57:46Z,0,0,en
UgxncQV-WOaB72BHA5N4AaABAg,@jurrasicsnake7321,Hawken a dookie is superior to hawk tuah,2024-12-11T03:57:38Z,1,0,Other
UgyZptVzERRe_Ko99BV4AaABAg,@RaifuEnthusiast,BO6 Hyat!,2024-12-11T03:57:33Z,0,0,Other
UgyzpEsDMqteE2xVGwZ4AaABAg,@estermagdali,This was funny asf,2024-12-11T03:57:33Z,0,0,en
UgxK0kEsGPHAxMQqXfd4AaABAg,@czariyamtahikagure4003,Father Sark pls come back!,2024-12-11T03:56:57Z,0,0,en
Ugz3tiQSmSdHKL8FgVV4AaABAg,@siegfried5893,literal blacksword,2024-12-11T03:55:57Z,0,0,en
Ugy6ifoAr4YnbfDyNkV4AaABAg,@Magliochettti,does vanoss know who coffeezilla is??,2024-12-11T03:55:43Z,0,0,en
Ugzh-UQM93ggiMvfmN94AaABAg,@TheGuyName_Rey,6:41  I wasn’t expecting that from Marcel 😂😂,2024-12-11T03:55:29Z,977,12,en
UgxTPuerlaD0dxkMYxV4AaABAg,@martinbauzon7450,Sigma boy,2024-12-11T03:55:26Z,0,0,Other
Ugw0010I8XxhirOsnRh4AaABAg,@thesteadyflow2558,im goon maxing to evans voice,2024-12-11T03:55:25Z,0,0,Other
UgwHovtBRxfaVh9D0714AaABAg,@Shoakonp,Anybody else feining for Vanoss and lui to do another dude im not scared video,2024-12-11T03:55:06Z,0,0,en
Ugy1-w7dhb921Cw6c994AaABAg,@ScottieyPimpen,Marcel needs a coke break,2024-12-11T03:54:55Z,0,0,en
UgwZIK9i5c2BAXKxBAN4AaABAg,@CharManakaBA,Pleas play more bo6,2024-12-11T03:54:53Z,0,0,en
UgyrEpdK85tqdfywe2J4AaABAg,@mr.s0ap425,"Kids today grew up with hawk rush and skibidi toilet
I grew up with hocking a dookie and dasatoilet",2024-12-11T03:54:49Z,0,0,en
UgxtTOKA8LR9v7bxOcx4AaABAg,@YogurtsTrashpile,Mortuah on that Citadelle,2024-12-11T03:54:22Z,0,0,en
UgxYhmpwjOSfAgAvAal4AaABAg,@Inkrandomnumber,Oui,2024-12-11T03:54:07Z,0,0,Other
UgygwvBjE9WD0r6MotZ4AaABAg,@fiskbomb,Truly a black magic sword 6:41,2024-12-11T03:54:02Z,245,1,en
UgzzuaPmR8Hi5_Zucs94AaABAg,@Kaiser69546,This is gonna get so much ad revenue from those brands,2024-12-11T03:52:36Z,0,0,en
UgzMGIPLzK9yZFQQOPh4AaABAg,@stimcentralcity,Brick by brick,2024-12-11T03:51:33Z,0,0,en
UgyPtk4cTiO1BL7L-sF4AaABAg,@ozitona7704,13 mins ago and 13k... ALSO FRENCH VANOSS FRENCH VANOOSSSSSS,2024-12-11T03:51:24Z,0,0,en
UgxuK9gMB3DeQZMTPmV4AaABAg,@cheeseypotato1134,BROCK!!!!,2024-12-11T03:51:04Z,0,0,en
Ugx-iqhVK_t9GB6nySt4AaABAg,@thefatboi777,0:54 The most important part of this video.,2024-12-11T03:50:42Z,24,0,en
Ugy19oYASbzjiH54udB4AaABAg,@BANANAFREAK212,1:02 it sounds like it's right in your ear😂,2024-12-11T03:50:32Z,0,0,en
UgxAtq28pqh9gt9Jp0N4AaABAg,@charlesvillanil683,MOOOO,2024-12-11T03:50:23Z,0,0,Other
UgzFtmm0h0iVL1SgOxh4AaABAg,@pepegaprogrammer,Citadelle Des MooeEHHK Tuah,2024-12-11T03:50:07Z,0,0,Other
Ugx1ewz-SqUFKDv_K2J4AaABAg,@LowQualityPigeon,This video is the sign for Sark to come back and play with the group😂,2024-12-11T03:49:55Z,1,0,en
Ugxvkfv5FjXZF_sHxYp4AaABAg,@Theghost80000,THE MOOOOO,2024-12-11T03:49:39Z,0,0,Other
UgzwgXF2CDFzHU-rZFJ4AaABAg,@samuelperez4194,"I’m watching this while my parents are fighting, valid video making me laugh",2024-12-11T03:49:32Z,9,0,en
Ugxq8cTK44L_U_2v9s14AaABAg,@KMMVSGAMING,6:40 Marcel put the H to it 😂😂 GAAHHHH😂😂,2024-12-11T03:49:29Z,34,0,en
UgxEdNrD2EOLejvelZJ4AaABAg,@Poppyplaytimechapter_like,Hilton 😂 4:15,2024-12-11T03:48:50Z,0,0,Other
UgxeJ716kaFLoED052l4AaABAg,@beaniemanmg9134,Mooo!,2024-12-11T03:48:47Z,0,0,Other
Ugxe_oD1nwftBKkVGIp4AaABAg,@danielboss5968,The Return of the King (Brock),2024-12-11T03:48:44Z,0,0,en
UgwXLBqyPxd37rEq3HV4AaABAg,@Sil3ntKnight123,Seeing Brock in a video is like having a distant uncle come to visit. Always nice to see!😅,2024-12-11T03:48:38Z,1263,3,en
UgxtYLCu3BwdsmlV_gR4AaABAg,@Thedjgaru,Just now going into work and getting blessed with another classic cod video,2024-12-11T03:48:35Z,2,0,en
Ugxq9Nn_3trOR5ryKb14AaABAg,@ogtackyyard1355,let’s go I’ve been waiting for this vid,2024-12-11T03:48:14Z,0,0,en
UgyEUZWIg_NTiNUCQLh4AaABAg,@mlutterodt739,"Ahhh good times, I needed this…",2024-12-11T03:47:47Z,0,0,en
Ugz9Krjm7sJIwaqGziV4AaABAg,@IJustLikeSayingH,Hُ,2024-12-11T03:47:34Z,1,0,Other
Ugw2IKfztbrZDNXceiZ4AaABAg,@Black-Gio,Day 33 of asking Vanoss if he can play Yu-Gi-Oh! Master duel with Luí for a video idea 💡,2024-12-11T03:47:13Z,0,0,en
UgwERs0R9W-8jGosrw94AaABAg,@dylancoward5798,"THIS *is* a banger…
And I know bangers",2024-12-11T03:47:03Z,0,0,en
UgyTEk2zaALLL38x0od4AaABAg,@Dxrkzyy,hawk tuah eh,2024-12-11T03:46:55Z,0,0,Other
Ugzc_gq5RrvC5_7eU8p4AaABAg,@MrZanna25,Pov: That mosquito in your room 3:37,2024-12-11T03:46:28Z,0,0,en
Ugw1phqArq7Xeq-kTvF4AaABAg,@_lewiez,marcels plug needs to keep serving him adderal holy nuts,2024-12-11T03:45:46Z,0,0,en
UgykRpUmFZSftx__puF4AaABAg,@GlysomeGro,6:40 The N Sword,2024-12-11T03:45:45Z,58,0,en
UgydgB1I-oKkX4YAvKx4AaABAg,@xdzandergamerjabroni9340,YEAAHHH VANOOSSSS,2024-12-11T03:45:35Z,0,0,Other
UgyvuWA7jnDJcrZb-xF4AaABAg,@theprobeius,Moo!,2024-12-11T03:45:24Z,0,0,Other
UgwojyYpL68sRUT1nQ94AaABAg,@rodgodx345,I thought it said black ops 3 zombies. 😂😂😂,2024-12-11T03:45:20Z,0,0,en
UgwRYBuwtZQE4I181_V4AaABAg,@Dagonrc,Wee wee,2024-12-11T03:45:16Z,0,0,Other
UgzcTLI6EtMdvK5jR_14AaABAg,@IfMamaAintHappyNobodyHappy,I’ve been waiting for this one,2024-12-11T03:44:59Z,0,0,en
UgzoX89MOuc1IjBNeW54AaABAg,@Mono12Tv,"Bro I thought Brock left YouTube? , that's so cool he's in the video",2024-12-11T03:44:36Z,0,0,en
UgzPNLjWP-p9meMzlNx4AaABAg,@ajdionne2649,I have been waiting for this vid for 4 days,2024-12-11T03:44:18Z,0,0,en
UgzWl8DYC1OR2CYkSNt4AaABAg,@maryalana3293,Who else missed moo,2024-12-11T03:44:06Z,3,0,Other
UgzmP8jrAhT6RmxadN14AaABAg,@brandonfunes4423,good to see Moo hope you doing good men.,2024-12-11T03:43:49Z,0,0,Other
UgyNHTFSWcpk5H4u9zJ4AaABAg,@agotiprime7687,6:41,2024-12-11T03:43:48Z,0,0,Other
Ugye58fRQ4t7900hlXF4AaABAg,@ytwok__,Boss I gotta go to the bathroom. “Pulls up YouTube before I hit the toilet”,2024-12-11T03:43:46Z,1,0,en
UgyiDeUQphVEpa7P6zt4AaABAg,@MonicaMccullum,The earliest ive been,2024-12-11T03:43:37Z,0,0,en
UgzR885nHP3fe12srtF4AaABAg,@Homie5511,Lessss gooo,2024-12-11T03:43:27Z,0,0,Other
UgzEiRW1eGqP5BY8Okh4AaABAg,@konnorrockkonnoisseur,6:40 😂😂😂😂😂,2024-12-11T03:43:20Z,0,0,Other
Ugzho1i4pdWE5tSjTd94AaABAg,@kittycity2007,vanoss COD upload showing up on homepage.. feels like im a teenager again lmao,2024-12-11T03:43:08Z,1,0,en
UgxqJ0b5C6bn1MhpW0p4AaABAg,@kawaii-chickenolc8568,HYATT!,2024-12-11T03:42:51Z,0,0,Other
UgxjuuepDrbU3DmrwDl4AaABAg,@BluSniper21,"3:31 If Terroriser is in this squad, he will put it on the soundboard.",2024-12-11T03:42:50Z,141,2,en
UgyHoifSNTiqIl2lEMh4AaABAg,@Poppyplaytimechapter_like,Call of duty black ops 6 zombies citedelle des morts game is fun 😄❤️,2024-12-11T03:42:45Z,0,0,en
Ugzx7Zf1onFeq6wQIj54AaABAg,@Its_justaj,2:00 * eats perkaholic gobblegum * Vanoss “NOO!!!” 😭🙏,2024-12-11T03:42:44Z,187,0,Other
UgwDPt9bh18E-GefUFl4AaABAg,@captcanada7278,Mooo!!!,2024-12-11T03:42:36Z,0,0,Other
UgxPlXOK7u9XqHAwnox4AaABAg,@darka53741,come back sark,2024-12-11T03:42:34Z,0,0,en
UgxUxzMZMmU92HV6LX94AaABAg,@lovinglife8854,Glad to see Moo back for a video again.,2024-12-11T03:42:28Z,17,0,en
Ugw1EdTjfR01kRqdmpl4AaABAg,@SoupierTaiser4,Under 5 minutes gang ⬇️,2024-12-11T03:42:22Z,0,0,Other
UgyjmOMeMSTFKF2ACml4AaABAg,@superdogsam6230,Yay! More Marcel on Adderall moments!,2024-12-11T03:42:16Z,0,0,en
Ugxr_D3shkfTAhkRD7B4AaABAg,@Ibzonguitar,Love you vannosgaming ❤️❤️ been watching you since 2012 man the OG DAYS  you've helped me through some dark times man. Keep pushing out videos stay strong ✌🏼💪🏼,2024-12-11T03:42:11Z,0,0,en
UgwSu2trSvMc9Q_pTmR4AaABAg,@Sharkivitis,Eyyy. {:,2024-12-11T03:42:10Z,0,0,Other
Ugxsr4SJocbNBL165Wp4AaABAg,@zerdlos-_-8774,new vanoss vid before sleeping hell yeah,2024-12-11T03:42:07Z,0,0,en
UgxrFZKiGVi1RxphKGB4AaABAg,@wildcatthegamer1574,Time to wait for a week or 2 for another video😮‍💨,2024-12-11T03:41:56Z,0,0,en
UgzOGKCbWzjMzLtpLsJ4AaABAg,@jamek0,4 minutes ago???,2024-12-11T03:41:48Z,0,0,Other
UgwM3aR_J7bXh_02sv54AaABAg,@x_Evo_x,SLLLIDDEE OVER HERE,2024-12-11T03:41:46Z,0,0,Other
Ugyw0xe0AEyYaE1LjGJ4AaABAg,@bryantsanders6869,Yo,2024-12-11T03:41:26Z,1,0,Other
UgyiHiuPvO6_mEjz6DZ4AaABAg,@JasonReeves-u2k,Grade A war crimes from our comedic terrorist,2024-12-11T03:41:21Z,0,0,en
UgykRMK7o3-tpeSXEuN4AaABAg,@faxr13,"Uploaded 5 minutes ago, and already 5,000 people watched this. That's Pretty cool ,",2024-12-11T03:41:20Z,0,0,en
UgxyNBmS8bmpnY21jyR4AaABAg,@Poppyplaytimechapter_like,Call of duty black ops 6 zombies game ❤,2024-12-11T03:41:13Z,0,0,en
UgzciyuCx7t1iMDCaet4AaABAg,@davidlor3085,It is 2024 and Future Googling Man is still teaching us. God bless Future Googling Man.,2024-12-11T03:41:06Z,0,0,en
UgyMfwobJfH4Utt2QWN4AaABAg,@Poppyplaytimechapter_like,Yeah 😆❤,2024-12-11T03:40:58Z,1,0,Other
UgwGwuSKEwSXcbE_Qzl4AaABAg,@Angry_Canadian,Perfect timing just completed this,2024-12-11T03:40:56Z,1,0,en
UgzxWOKAthTMLCPijCl4AaABAg,@j9ez,"Food cookin, vanoss uploaded, w night so far",2024-12-11T03:40:43Z,0,0,en
Ugzautp4y47c_JcKAlp4AaABAg,@Apologetic231,5 am in the morning Good Night Video Lets Go,2024-12-11T03:40:32Z,0,0,en
UgxhxIH20yYVsTuVPNV4AaABAg,@H1V3_B0M8,"Classic (as it can get) Vanoss, Wildcat, Basically, and Moo. Let's fucking goooooooooooo!",2024-12-11T03:40:17Z,97,0,en
UgzNfalkH2O6wp30O_F4AaABAg,@doombi,i love you for making this,2024-12-11T03:40:05Z,0,0,en
UgzbcDW0q8EaSeHEzi94AaABAg,@DanielSteward-xt8iv,Yoooooooo,2024-12-11T03:39:53Z,0,0,Other
UgyVmj3egLs-ezyksId4AaABAg,@christinehernandez3050,Great vid,2024-12-11T03:39:48Z,1,0,en
UgxwBqFiUBDi8CBxHpB4AaABAg,@CofRed403,Oui,2024-12-11T03:39:28Z,0,0,Other
Ugy51Ojub2nLssZXK814AaABAg,@NeoDeProto,Im glad to see evans liking bo6,2024-12-11T03:39:27Z,0,0,Other
UgxuCx0_c_j2ELMKeP54AaABAg,@Get2daChoppah,This a pretty rare 4 man combo ngl,2024-12-11T03:39:24Z,0,0,en
Ugyew--rLCNewd_Xz2d4AaABAg,@NoliIncarnate,"Please, youtube babies leave vanoss alone.  ....",2024-12-11T03:39:06Z,0,0,en
Ugx98HQMpMDiwBZnAIV4AaABAg,@Callum6163,Always looking forward to a new vid,2024-12-11T03:38:56Z,0,0,en
UgyNOTRa9s-bT7MT5_F4AaABAg,@inZomGazaiac,Lets goooo,2024-12-11T03:38:43Z,0,0,Other
UgzoyyaX9av8UJeeRAh4AaABAg,@starsword9332,"""Hawk Dookie""........My god the Nostalgic is so real right now. I swear it feels like I'm getting older every month😭",2024-12-11T03:38:34Z,55,1,en
UgzKPrUGPr7nd29oRul4AaABAg,@braydenlang1690,Moo!!!,2024-12-11T03:38:22Z,0,0,Other
UgzY_KLZaaHUsxLPhsp4AaABAg,@skinnedstar,FINALLY LETTS GOOO 🥹🥹,2024-12-11T03:38:16Z,0,0,Other
UgxWATJ8wZowfXA6P_h4AaABAg,@jadenclay5611,19:45 I’d never thought I’d hear the day of vanoss saying Hawk tuah😭,2024-12-11T03:38:12Z,125,4,en
UgznhJ3lGHKVK6R4SbB4AaABAg,@vinayjoshuathavaseelanstgs6465,goated youtuber,2024-12-11T03:38:11Z,0,0,en
Ugzk6qZXuQznZ8fn0LF4AaABAg,@mjo0ody_09,...,2024-12-11T03:38:06Z,0,0,Other
UgyPaOswI6oZfpmlBsF4AaABAg,@DEgBliX,Moos back lez go,2024-12-11T03:38:04Z,0,0,Other
Ugy0meu9n_2rFOXnaGV4AaABAg,@Dr.Sloppy,Hmmmm zombie content,2024-12-11T03:37:55Z,0,0,Other
UgyuOnci3vQDdRLYxzl4AaABAg,@JimmyCarter297,388,2024-12-11T03:37:48Z,0,0,Other
UgzuUXOMqEUcUX5VIpx4AaABAg,@acevortex56,Is Mac n cheese a thanksgiving dish?,2024-12-11T03:37:48Z,1,1,en
UgzrIOF_7klB-avfo2x4AaABAg,@pandadabear6219,Yuhhh,2024-12-11T03:37:47Z,0,0,Other
UgyoZ0fz3IbW6ov4GC14AaABAg,@kllstkllst5831,Citadelle Des Morts? More like Citadeez Deez Norts,2024-12-11T03:37:47Z,0,0,Other
UgyPnqK3HsBdJxbcfB54AaABAg,@johanelenius7878,Lets go Hoodini,2024-12-11T03:37:46Z,3,0,Other
UgxNPdLIvuYXSHlqomh4AaABAg,@purplegangyt9401,Day 421 of telling vanoss that he's still a 🐐(greatest of all time),2024-12-11T03:37:46Z,0,0,en
UgyF5uQYtcCvRvXHuop4AaABAg,@Shepgang7,Cittiedel de mo,2024-12-11T03:37:46Z,1,0,Other
Ugz0Hzszs3d3hZjYV8F4AaABAg,@Jyuk0,the thumbnail itself got me rolling 😂,2024-12-11T03:37:43Z,6,0,en
UgyoGXm2rhROuIV5fqR4AaABAg,@iiicry3983,Hor hor hor Misure Vanoos 👨,2024-12-11T03:37:38Z,0,0,en
UgxN1jqGI8xDnFlT68R4AaABAg,@jonathangamino6475,Yes finally I did the ee it’s so funnnnnn,2024-12-11T03:37:35Z,0,0,en
UgxoQls-SR9BppuIHxR4AaABAg,@SuperPaisa12,Finally you made a video vanumenos 💀,2024-12-11T03:37:34Z,0,0,Other
Ugwpz-Mwww4RVm7hnB14AaABAg,@CosmicBrownie-rq4yd,Morts tuah,2024-12-11T03:37:34Z,0,0,Other
UgxqLETjyJqcnkHBulJ4AaABAg,@oddturtle.v1781,Cheese!!????????!?,2024-12-11T03:37:32Z,0,0,Other
UgwrnGUPAEn23rqCPVl4AaABAg,@Ya_idk_anything,Oh Mr.vanoss I love your zombie videos 😩,2024-12-11T03:37:28Z,10,0,Other
UgxGPKVPZa2HDlvcM-J4AaABAg,@vanillacontentisbest8796,Snoo Tuckle,2024-12-11T03:37:28Z,0,0,Other
UgwIhZTJsaH9eCZk8h54AaABAg,@ShaunCadman,wow this will be the first video i have been this early to in years,2024-12-11T03:37:27Z,3,0,en
Ugy2oIGFf5c9QJbKM1t4AaABAg,@purplegangyt9401,🔥,2024-12-11T03:37:23Z,0,0,Other
Ugwv7Utf4lRQM07j3mF4AaABAg,@zealoussseraphim,...shaft even,2024-12-11T03:37:17Z,0,0,Other
UgzYguaVcJueU-pjDhJ4AaABAg,@f13tt42,First,2024-12-11T03:37:17Z,1,0,de
UgwDyoyegEaUm4PxOX54AaABAg,@cklunaslar-9-e930,Ayyye Brock's here. Even if just for a moment,2024-12-11T03:37:14Z,0,0,en
Ugw0WOPwTmVqFjP05fJ4AaABAg,@chtulhugaming7706,Give me head,2024-12-11T03:37:13Z,0,0,en
Ugws03gpcdPSmZMQUZN4AaABAg,@toji-e4u,banana,2024-12-11T03:37:12Z,1,0,Other
UgwhLlVyzmxmddKvyb14AaABAg,@Thy_Pengwin,Brock is back!,2024-12-11T03:37:09Z,930,18,en
Ugy99Z6iiAPZhKYWcD14AaABAg,@jacobwoolley4481,HAWK TUAH,2024-12-11T03:37:08Z,2,0,Other
UgxgJBoptPzbimDIC9l4AaABAg,@SHALPHA2,hawkkkkkkk,2024-12-11T03:37:07Z,0,0,Other
UgxtOruZQJiHihvoQXx4AaABAg,@thefuntime2302,bust,2024-12-11T03:37:07Z,0,0,Other
UgwwTbzrD5WTe6CAW2B4AaABAg,@insertcodename1409,P3nis trilogy,2024-12-11T03:37:06Z,0,0,Other
Ugyx3RayFxL0jCjvO8R4AaABAg,@fonzman7gaming,French right off the back 😂,2024-12-11T03:37:05Z,0,0,en
UgxD6odRyOhJ_tOeSeR4AaABAg,@BillyLongcock,Hell yeahhhhh,2024-12-11T03:37:04Z,0,0,en
Ugzu2fabvxFZMWYzk_94AaABAg,@kllstkllst5831,Ligma,2024-12-11T03:37:04Z,0,0,Other
Ugw3DvNn_RJ-LA1bp8l4AaABAg,@smirkish.M,😂,2024-12-11T03:37:03Z,0,0,Other
UgyI9hka9D7LaMkx_t14AaABAg,@jasminenorton8340,I see notification I click,2024-12-11T03:37:01Z,0,0,Other
UgzzibOAJRa07Z9dpz54AaABAg,@Eddieavina123,"Love your video, Vanoss, and keep up the great work you are awesome bro",2024-12-11T03:37:00Z,1,0,en
Ugw2HURCmOUck4xdqJF4AaABAg,@davidprice8371,Never been this early before!,2024-12-11T03:36:59Z,0,0,en
UgxYyouOkO_T2p0GIeh4AaABAg,@eight3799,hawk tuah,2024-12-11T03:36:59Z,0,0,Other
UgzdjSqNrhUN1rP0SvN4AaABAg,@sammybienenstock5127,First,2024-12-11T03:36:59Z,0,1,de
UgwpctcooDsKHMUo_Gh4AaABAg,@elizafernandez07,HERE 🗣🔥,2024-12-11T03:36:59Z,0,0,Other
UgxRevBrjizyO5LzpDJ4AaABAg,@HanzAira,Another Vanoss Cod6 vid? Let's gooo!!!,2024-12-11T03:36:59Z,8,0,en
UgwMNh1-kOX8kXudUpB4AaABAg,@ijustplaygames120,No,2024-12-11T03:36:59Z,0,0,Other
Ugxx_fg7SX0TxgKwOxJ4AaABAg,@asianman5567,I've been waiting for this video,2024-12-11T03:36:59Z,0,0,en
UgxqGYT2MWX7B6Tyisd4AaABAg,@mr.mustache9536,I just say when they going do it,2024-12-11T03:36:58Z,0,0,en
Ugzj7N75E8LGaT0h13h4AaABAg,@Adam-id5vx,Citadel de moan 🤠,2024-12-11T03:36:58Z,0,0,Other
UgzAIa49Kc82nbMyOcZ4AaABAg,@Blake_420-x8w,Good vid,2024-12-11T03:36:57Z,0,0,Other
Ugy2VAenUuvBUXhjXhR4AaABAg,@mehdiab1203,perfect timing,2024-12-11T03:36:57Z,1,0,en
UgzXYGNi1ilFIvAjLah4AaABAg,@Coolboy_cjchris,I can play the Easter egg with my friend the boss just kept on stomping over and over and over again it was driving us crazy😂,2024-12-11T03:36:56Z,0,0,en
UgxtVd7T6eRzRqKbYV14AaABAg,@nekokillz,"dookie.
Haha",2024-12-11T03:36:55Z,0,0,Other
UgyuTx15Ff7Jvqt7eUh4AaABAg,@YourTrollKing,Vanoss,2024-12-11T03:36:53Z,0,0,Other
Ugx5CD4EdT6bgYk5NU94AaABAg,@sirrexx597,haven’t been this early since 2014,2024-12-11T03:36:53Z,0,0,en
UgyMtIQ1zzBZnjbydc54AaABAg,@BWITHYURI,Moo’s back?!,2024-12-11T03:36:53Z,0,0,en
Ugx8Hfb6LuaVRG6kc_F4AaABAg,@bozzthegod2654,Rare Moo Cameo,2024-12-11T03:36:53Z,1,0,Other
UgwEh0y8hRIMInk_wGx4AaABAg,@POPKADEDA__OP,Evean love your vids :))),2024-12-11T03:36:52Z,0,0,en
UgwJlRuSSatn86EsLE94AaABAg,@skyline8049,YES!!!,2024-12-11T03:36:51Z,2,0,Other
UgyHVmRvY0gg3XqqLNx4AaABAg,@AlexRodriguez-dl1xp,4th,2024-12-11T03:36:50Z,0,1,Other
UgwGA2LMJGsCCVmYSeF4AaABAg,@Bryan_games461,🏃🏽‍♂️,2024-12-11T03:36:49Z,0,0,Other
UgywqetqkbyCC9F4kGp4AaABAg,@nathangarza688,😂😂,2024-12-11T03:36:49Z,0,0,Other
UgwneArT98xxuJ50D4t4AaABAg,@donivandixon1876,Checked in baby,2024-12-11T03:36:48Z,0,0,en
UgwW-y2HFBKL_g8x4ER4AaABAg,@demonlordtv,Hi,2024-12-11T03:36:48Z,0,0,Other
UgwpRBTVBzZpZzposS14AaABAg,@Sandytoes15,Love the videos man,2024-12-11T03:36:47Z,0,0,en
UgxfsKHKw34Qsge03px4AaABAg,@Itsvelets,Finally he uploaded,2024-12-11T03:36:47Z,10,0,en
UgwWvSUMLwhSpVlFpT94AaABAg,@bigslime2024,Classic vanoss makes for a good night,2024-12-11T03:36:46Z,499,5,en
UgwVxcUqZGLXTPDeWD94AaABAg,@lightbrick228,Alright 🦉,2024-12-11T03:36:45Z,0,0,en
UgwC8bcy0sKS8dXa5GN4AaABAg,@princedeleon8764,Fist,2024-12-11T03:36:45Z,0,1,Other
UgzlOOjyV-x-prDYzL14AaABAg,@Ry4n1scool,oooh Mr vanoss,2024-12-11T03:36:44Z,0,0,Other
UgzXVGA2AostMo3PEYN4AaABAg,@Knappe0,sick,2024-12-11T03:36:44Z,0,0,Other
Ugz_GGCjMt69CXkM7-B4AaABAg,@adc235.,Noice,2024-12-11T03:36:43Z,0,0,Other
UgwAQk8RVwBydTG5mwh4AaABAg,@FE4RRRRR69,W,2024-12-11T03:36:43Z,0,0,Other
UgwKqep9Hf9K1W9ufx94AaABAg,@flymasterkyle1277,Hawk tuah Easter egg fr,2024-12-11T03:36:43Z,0,0,Other
UgzvJ7WH9k_yJt1zSGt4AaABAg,@Bluedragon-rj2uw,Alright!!,2024-12-11T03:36:42Z,0,0,en
UgySDR6fmM6GG4CEbC14AaABAg,@JenPatlan13,🔥,2024-12-11T03:36:42Z,0,0,Other
UgxcnKwowvFtBSQhiqZ4AaABAg,@ElGueroIC,First Ong,2024-12-11T03:36:42Z,0,2,en
UgxEF8FRmTvhzlg_lg94AaABAg,@murfchop9783,YEAHHHH,2024-12-11T03:36:41Z,1,0,Other
Ugyhku6taF0YZFVtuiR4AaABAg,@learning8685,Ice,2024-12-11T03:36:41Z,0,0,Other
UgxfIHN4D3qtCJdhBNZ4AaABAg,@aarienlee8500,"Keep the great work up, love the vids",2024-12-11T03:36:41Z,0,0,en
UgyhG3xwR7mNa0BTI7N4AaABAg,@beanoshimself5302,🐟,2024-12-11T03:36:39Z,0,0,Other
Ugzr9FICTPEEoUL2M8N4AaABAg,@Cosmic-y2q,Easter egg tutorial in my shorts easy guide,2024-12-11T03:36:39Z,0,0,en
UgzudpwH_DdMuo9KqJh4AaABAg,@creepz1313,First?,2024-12-11T03:36:38Z,0,1,Other
Ugx4OZ3HoLd5j5tirJ94AaABAg,@Dylan-g4t2j,First,2024-12-11T03:36:37Z,0,1,en
Ugz2XmsZzNVNGQ6ZfPx4AaABAg,@ĻówŤîerŤerròr,🚬🗿,2024-12-11T03:36:37Z,0,0,Other
UgxCOemGij7AA21xq9J4AaABAg,@AngryFrog1,Less gooo,2024-12-11T03:36:35Z,0,0,Other
UgyWYUdaXsWBF405JBl4AaABAg,@okaybru,LETS GOOOOOO!!!!!!,2024-12-11T03:36:35Z,0,0,Other
Ugxi0S8-Z07zqIBZQ4h4AaABAg,@rhaejuonferguson1316,LETS GO,2024-12-11T03:36:35Z,0,0,Other
Ugx2jN2ph9Wu-Crg-QZ4AaABAg,@foxianyt,❤,2024-12-11T03:36:34Z,0,0,Other
UgzWtsYfbHsXqjMUDzN4AaABAg,@CarmeloSantoya-o3x,yo,2024-12-11T03:36:34Z,0,0,Other
UgwE0t6s0tDC1TaRNeZ4AaABAg,@huevoseggs,I’m edging,2024-12-11T03:36:34Z,0,0,Other
UgwCNRl33H5Vsr3qsz14AaABAg,@jahbreezy21,Hi huge fan 💕,2024-12-11T03:36:34Z,0,0,Other
UgyZ4LcMMAn1UwCMfIR4AaABAg,@kyleee8027,Vanis,2024-12-11T03:36:34Z,0,0,Other
Ugyyu9EhUuSXXEiTKwl4AaABAg,@KenSnoresLoud,Ohhh yeahhhh just got back from work and got blessed,2024-12-11T03:36:34Z,74,3,en
UgxlbFUSWOgJOpid1ZF4AaABAg,@RackosaurusFlex,Hawk tuah,2024-12-11T03:36:33Z,0,0,Other
UgxtyITB9KLVbonfomh4AaABAg,@noahshafer288,RAHHHHHHH,2024-12-11T03:36:34Z,0,0,Other
Ugw_rsLIkQ9qqi7OFz14AaABAg,@bigogrebuns7510,Hi vanoss,2024-12-11T03:36:32Z,0,0,Other
Ugy1eBEzfrNEq7nKSkt4AaABAg,@Logannn747,Finallyyyyy,2024-12-11T03:36:31Z,0,0,Other
UgyVXVYfd5uOKfxErfB4AaABAg,@needlessrelic,First,2024-12-11T03:36:31Z,0,1,en
UgzyXkwiLGQLJCASD394AaABAg,@iTzTrickss,Yessiir,2024-12-11T03:36:31Z,0,0,Other
UgzGp3TLkNVmPUWdVBp4AaABAg,@cristianescobar5485,First,2024-12-11T03:36:30Z,0,1,en
UgxCRA0Dli3uCu1uFul4AaABAg,@Unknow_info,Hello,2024-12-11T03:36:30Z,0,0,Other
UgwwBABHCbewUafJSYF4AaABAg,@rfts_will3052,Yeo,2024-12-11T03:36:29Z,0,0,Other
Ugzqc92ayCbo8yf71zF4AaABAg,@NihtHawk-sl6hi,10 seconds let’s go,2024-12-11T03:36:28Z,0,0,Other
UgxFDbliQTvvbgm3w4l4AaABAg,@itzfrajj,1st,2024-12-11T03:36:26Z,0,1,Other
UgwqGlB7KpqQqxoH2Pp4AaABAg,@RedDeadZen,Bruh?,2024-12-11T03:36:25Z,0,0,Other
UgwuM46gxif9d7h4-Xl4AaABAg,@jadenclay5611,Here,2024-12-11T03:36:23Z,0,0,Other
UgyDaBRupdJWdqkS9nB4AaABAg,@SinisterSaneW,O,2024-12-11T03:36:22Z,0,0,Other
UgwNW1K6DpzTTG5L-EV4AaABAg,@mysterywonder1601,Balls,2024-12-11T03:36:22Z,7,4,Other
