Comment ID,Author,Content,Publish Date,Like Count,Reply Count
UgwnjBatIJKfLV8v5Yx4AaABAg,@aragusea,Thank you Helix Sleep for sponsoring! Helix’s Black Friday Sale is running now for a limited time – Visit https://helixsleep.com/ragusea to get 25% off your mattress (plus two FREE pillows) and receive a Free Bedding Bundle with your Luxe or Elite order. Offers subject to change. #helixsleep,2024-11-15T22:24:16Z,28,2
UgwYVQ-ivJgodOqxNG94AaABAg,@MarioBecerraC,"6:47 ""Vanilla iced cream"" gives the same vibes as ""marshed mellows""",2025-05-22T09:29:28Z,2,0
Ugy3WHWChCsSVSkwEud4AaABAg,@ickyelf4549,How is nobody talking about that big-ass orange? That pith was a cm thick!,2025-03-06T23:58:28Z,1,0
UgwBMZ5ii-VLsCUMUnx4AaABAg,@ImNotQualifiedToSayThisBut,But that's not caramel though? I thought,2025-02-21T00:20:20Z,0,0
UgyQJU-L-swpRB2bDF14AaABAg,@beirch,"Small tip for squeezing oranges and lemons and avoiding seeds getting in, without having to use your hands: Sieve.",2025-02-01T14:45:27Z,0,0
UgxV3UZQ-mpL0MlHMrN4AaABAg,@sok1720,Can I make these without alcohol?,2025-01-27T20:54:00Z,0,0
Ugz9P5amOm-zjQwTAwd4AaABAg,@starscreamjan6155,mate its called Crêpes not kraipes,2025-01-26T20:47:15Z,0,0
Ugwh8sMFvCB407tpA5R4AaABAg,@distortedmeatbal7191,"Is there an alternative to the alcohol? I don't really want to use that when cookng because of some personal safety issues, and I don't want to buy a whole bottle of liquor for a few crepes. I don't really care if I miss out on some key flavors.",2025-01-17T21:11:43Z,0,0
UgxpbvwnlB3n8Oe2Qdh4AaABAg,@rickh9396,Instructions unclear. Set myself on fire.,2025-01-13T02:07:42Z,0,0
UgxO1BOzFzPgqS6fPQ54AaABAg,@spikejoseph5482,"I know it’s a bit random Adam but if you do have loads of these mattresses, maybe consider donating them if you don’t need them anymore? I know in my country a clean mattresses is often needed by many charities (women’s shelters , homeless shelters, halfway houses, refugee housing etc.) but rarely donated! Would be a good thing for an advert even!",2025-01-12T23:12:49Z,0,1
Ugwn7pPrS3Qi46mWTaV4AaABAg,@kleptosepto1848,Bakshi's best rotoscoped animated movie,2024-12-26T15:51:35Z,0,0
Ugw6HxJ2haeCOPdq4fV4AaABAg,@samuelmoehring3783,"Your order of operations for the batter is right on. 

Melted butter with the egg first to emulsify the butter so I won’t separate

Flour before liquid to work out the lumps before the texture thins out

You have a great eye for the details!",2024-12-13T04:59:33Z,1,0
Ugxpr3ZFfgHO4kVS3-V4AaABAg,@tzisorey,Might have to give this a try.  My biggest thing with crepes lately has been doing them tamagoyaki style in a tamagoyaki pan.,2024-12-04T02:19:51Z,0,0
Ugw79fJ9Qxu7WUsxUld4AaABAg,@mangamaster03,"I tried to follow along, and ended up making a Krabby Patty instead. https://youtu.be/eX4ZmkPHI6k",2024-11-26T23:54:52Z,0,0
Ugzdwa7PYu9y_Yls3pl4AaABAg,@Punkyrooster6,"Adam is like a less ADHD-kid-off-their-meds version of Alton Brown. Same effective educational style, less annoying energy.",2024-11-26T01:31:37Z,0,0
UgwK31_QIAwBjVipuf14AaABAg,@projectarduino2295,"Thanks so much for actually writing the recipe down! I love to put them in my notes for use later and this makes it so much easier.

Not everyone does it and I am thankful when they do.",2024-11-24T15:54:41Z,2,0
Ugydd7hju-I4VyLv3zR4AaABAg,@anabukashka,"You know how in English someone can say ""Fudge"" as a less offensive alternative to an F word. In russian we say ""Блин"" as a less offensive child friendly alternative to a bad word. You might want to google Блин right now. We make them with everything or just eat as is. We make a lot of them on Maslenitsa (a butter holiday), then we build a huge effigy and burn it. Did you know that its actually church sanctioned totally christian activity without any pagan undertones! I just want you to know that.",2024-11-23T03:47:38Z,1,0
UgxP8vSEln8MUmnmrZp4AaABAg,@abyssal_phoenix,"Still perplexes me how thin the crepes are
Mostly because they are super similar to dutch pancakes, which at least in my surroundings, are slightly thicker crepes, typically a bit wider too and usually eaten during lunch or dinner with most typically powdered sugar or ""stroop""",2024-11-22T20:14:29Z,0,0
UgwG5sN1HFuCJSH7JTx4AaABAg,@faiyazkhan6291,Can the alcohol be substituted?,2024-11-22T11:05:25Z,0,1
UgyRon96Ph5kO7N6nFt4AaABAg,@Jenachy,Christmas market has come to my city and I look forward to getting my yearly crayp,2024-11-21T20:42:30Z,0,0
UgydMla6LEYpU3mRJBx4AaABAg,@TheMimiSard,"A form of crepe pan my house had for a while is a convex one.  It is dome that you dip into the batter hot, then put back on the heat until that thin layer of batter is cooked.  I wonder if those exist somewhere now?",2024-11-21T19:39:22Z,0,0
UgyFfXhTJ4KUOS1dekV4AaABAg,@suraj__7,Why would anyone need a third mattress..?,2024-11-20T14:56:10Z,0,0
UgyStKKXNF_bXwy3YUV4AaABAg,@susanpilling8849,Probably one of my all time favourite deserts! 😋😋😋,2024-11-19T21:28:59Z,0,0
UgybgWwduTngz7Ae1XZ4AaABAg,@davidotoole9328,I wish we stilll had snooty old hotels.,2024-11-19T18:43:24Z,0,0
UgwXeQtKVb9fr7QDpUR4AaABAg,@ezforsaken,I'm here Crêpping my Suzette harder than last time.,2024-11-19T12:29:24Z,0,0
UgwH9dehqF_QNg7FzWt4AaABAg,@carsonmakai,Adam ragusea classic,2024-11-19T08:34:38Z,0,0
Ugxrr2Pi8MpcszOljPF4AaABAg,@Samld1200,You have to flip the pancake in the air. It’s the law!,2024-11-19T03:22:18Z,0,0
UgzjHsTKYy7oKBJ5bDN4AaABAg,@DLF36,"Its good, but not crazy good. Ill preffer it cold, and it need more elements like crushed nuts, plus pistachios could  be good, a spoon of dulce de leche and another of chocolate ganash, and now we are talking, maybe some cooked apples and pears too, and strawberries.",2024-11-18T20:19:36Z,0,2
Ugy-j4kWi4scnj0fiN94AaABAg,@nokichou8059,"Now that you know how it is made, you should never order it in restaurants because the process of making it with bare hands and fingers is disgusting.",2024-11-18T16:08:47Z,0,0
Ugy744-0gP5I9u-LJMZ4AaABAg,@luckytoastsebastian,If it has a ten year warranty how did you go through three? Are you that active in bed?,2024-11-18T02:54:18Z,0,0
Ugwu2c1nzVqlBY31E9p4AaABAg,@rnw1599,5'9 and 200lbs! Wow that's some impressive gym progress!,2024-11-18T02:22:33Z,0,0
UgxfaGUK0Wdqpsi0pkB4AaABAg,@BobOBob,Is that ending the new catch phrase?,2024-11-18T01:30:47Z,0,0
UgxVwbbiUREVuXHmry94AaABAg,@lianglonglong,"How many matresses do you go thrpugh and what do you do with the old ones, surely they are bänot broken already?",2024-11-18T00:18:54Z,0,1
Ugw6zca2pUDxEK4RrDR4AaABAg,@Split_the_beer_atom,Recently got a carbon steel crepe pan just for general cooking use and yes i dont know how i ever flipped stuff without it,2024-11-17T23:55:42Z,0,0
UgxZsjaJkE86VpMkdpt4AaABAg,@MateyMateev-eq9wf,I never realised that crepes are what we call pancakes in Eastern Europe,2024-11-17T23:36:11Z,0,0
UgwBq3T_NznOqjx8IIF4AaABAg,@chaosriders79,"Question, if one were to forgo the ""Suzette"" part of this dish to avoid risk of burn by candied napalm, what's a good alt option to top a crêpe with?",2024-11-17T23:25:39Z,0,1
UgwmjstKfaykivHsSrd4AaABAg,@xxtuddlexx,wild literally 1/6th the vid is an ad LOL. imagine 1/6th of an article being all ads.,2024-11-17T20:21:24Z,0,0
Ugz9EwAqL3VxtNQ7r354AaABAg,@jamjar4989,I absolutely love these snooty old hotel tableside fancy shamncy classic dishes like the Caesar salad from a while ago. Please do more!,2024-11-17T18:45:00Z,0,0
Ugww5GiR6UgKEooTrY54AaABAg,@tiago6206,"Genuine question, do you guys really pronounce it ""crape"" in the States? (In french it should sound like ""crap"")",2024-11-17T18:39:23Z,0,1
Ugw-36-hOW2QFF1lBmd4AaABAg,@okmak397,Adam please make Japanese curry,2024-11-17T18:16:26Z,0,0
UgznXUQv7eHp6VlyDw94AaABAg,@IheartDogs55,"I successfully baked an artisanal loaf of bread by following along with your video where you used your senses to determine how much of each ingredient to use. The wooden spoon was genius. I perused your video library and just subscribed. I find that your instructions are akin to Alton Brown's, only easier. You seem to ""get"" what it's like being an average person who wants to prepare tasty meals without unnecessary fuss & muss. I had given up on making my own bread; now I find it enjoyable! I'm excited you cook more than just bread. Thank you.",2024-11-17T15:17:20Z,3,0
Ugw6hkl46O04LB6iVRd4AaABAg,@MrNacknime,Oh the cringe everytime you say Crape,2024-11-17T14:06:13Z,0,0
UgxQiDNgI2vs7rqY-IB4AaABAg,@charliemarciano6536,"Frenchman here, been making crêpes at home for years. My advice is to 1/ rest your batter overnight or at least an hour, 2/ put a lot of batter in your hot pan and pour the excess out back in the bowl immediately when you've covered the whole pan, and 3/ pile up and cover your crêpes with a lid to keep them soft.",2024-11-17T13:49:38Z,15,2
UgwRZLdx_GQmUK8mNAF4AaABAg,@popcornyumm,"Adam can you go back to old videos, adds are 1/7th the video thats too much",2024-11-17T13:28:53Z,0,0
UgztYFE75fLWmb0gElx4AaABAg,@londobali,"This is called pancake in my house.
Not those thick fluffy cake-made-in-a-pan that is common in the US.
Not sure why that's the case.
But it's been confusing when recipe calls for ""consistency of pancake batter"".. LOL..",2024-11-17T09:46:44Z,2,0
Ugy0wbEizXW5E9g95z94AaABAg,@rahhmusic19,Crepe? Isn't that an English pancake?,2024-11-17T07:10:47Z,0,0
UgyFuNT1HktPl65aIxp4AaABAg,@brianfong5711,"Thank you for not uploading those music videos, much appreciated!",2024-11-17T04:57:02Z,0,0
Ugx7_Q7TA33Ewh5O0-94AaABAg,@ArgonZavious,"Always thought flambee was to prevent the house from filling with a air gas mixture of booze, not that that would be an issue anymore with ventilation being a thing",2024-11-17T03:36:07Z,0,0
Ugxaq-Y2wQxVMSoE2V54AaABAg,@edzmuda6870,I’d never buy a mattress that has to be replaced so often.,2024-11-17T03:32:55Z,0,0
UgyVPYArEwNlPeEcPAZ4AaABAg,@xavierhuc2125,"... flambe the crêpes, Adam. You know you want to.",2024-11-17T02:10:09Z,0,0
UgzM11JbyIctH6zLJHx4AaABAg,@benjaminshoultz9657,You really missed your opportunity to quote Talladega Nights.,2024-11-17T01:12:46Z,0,0
UgwOrecjt_7NXtdaGw54AaABAg,@dueholm123,"Yeah, crepes is what I in Danmark think of as pancakes. The thicker smaller ones are american pancakes. Oh, add a bit of beer (lager) to the recipe, it makes them a bit crispier. And you can drink the rest of the beer while you cook them. That might actually be the main point, but it still works well in the pancakes.",2024-11-17T00:27:05Z,0,0
Ugx3JEiDe1-9FqOvPOl4AaABAg,@Aaaaaaaartem414,"As a French : this is not how you do them. Like, not at all. I screamed the whole way through",2024-11-16T23:22:32Z,0,5
Ugy0cL1Rq-onOg-QJRp4AaABAg,@TheEmptyHoliness,Any chance you play chess Adam? I’d love to play you sometime if so!,2024-11-16T17:00:12Z,0,0
UgznDnIdOBsXqj2yqv54AaABAg,@peter_smyth,Any recipe that needs a warning about setting yourself on a fire is a good recipe!,2024-11-16T16:51:33Z,0,0
UgwDCX8eVkQ7Cx8LXGx4AaABAg,@jackstatter4484,"Do a video where you compare different forms of Vanilla. IE Vanilla Bean pods vs extracts, pastes, powders, etc.",2024-11-16T16:22:11Z,0,0
Ugz3UooSWnq2gZNYxUR4AaABAg,@escobasingracia962,"Third matttress? I've mine for 15 years now and it's still great. Adam, I think you are wasting perfectly good mattress... Unless....",2024-11-16T16:11:28Z,0,0
UgzzO4MEgZeJ9Q3-ymh4AaABAg,@pi198273,"The waitress he was handsome, he wore a powder blue cape
I ordered some Suzette, I said ""could you please make that Crepe?""
Just then the whole kitchen exploded from boilin' fat
Food was flyin' everywhere, I left without my hat",2024-11-16T14:54:26Z,0,0
UgzPFRSRAY_i3xoiMsV4AaABAg,@maksimfedoryak,Substitute cognac with rum and triple sec....ahhh im cooking daiquiri with caramel,2024-11-16T13:20:14Z,0,0
UgwgduuX8W2EPmEgkqp4AaABAg,@michaeljamesbruun3859,"Hey Adam, huge fan from Denmark, Europe here, love your content ! Is it posible you will make more sandwich/burgers/sliders/snacks videos, of course the way you do you... thx
... and more music please",2024-11-16T11:55:51Z,0,0
UgwBdk6VspYq3KELiR94AaABAg,@catcalculator559,Not me who just knows about this because of the sims2 😅,2024-11-16T11:14:58Z,0,0
UgyRTRUXFxP11lJbFwp4AaABAg,@TheDiRk39,"You can use a vegan recipe for crepes, just mix sparkling water, barista vegan milk and flour, you may need to flip them in the air as they are structurally a little bit unstable",2024-11-16T09:16:12Z,0,0
UgwVpX-GSBJ8AUepWcZ4AaABAg,@CyrusBluebird,"Think it's worth clarifying things about Grand Marnier: It's a Curaçao style orange liqueur, that meaning it's base spirit isn't neutral but brandy. There are also Rhum Agricole based Curaçao liqueurs. What really sets Grand Marnier apart is that it also has botanicals and herbs added to it's profile. They're in the background most of the time. Triple Secs, which is a silly name, they are based on distillate of sugar beet molasses with extracted oils of different orange skins, Cointreau falls into this, funny enough it originated the term ""Triple Sec"", but stopped using it recent-ish.",2024-11-16T08:50:12Z,0,1
UgzklElnruFGkPHXohx4AaABAg,@nic0fpvnicolas606,As someone who has recently moved to Brittany and has been enjoying galette and crêpe at least once a week: you have to try to make galette complète (savory buckwheat crêpe),2024-11-16T08:31:19Z,0,0
UgxCOmiG8iJHTTykFNl4AaABAg,@opensourceq,great job adam! i forsee no ill consequences to telling people to dunk their hands into a hot pan full of hot syrup 👍👍👍👍👍👍,2024-11-16T08:22:32Z,0,0
Ugy7E2Qn503CYFJC7lZ4AaABAg,@cedricwong0,Can't you just drizzle the sauce over the plated crepes instead of dipping them?,2024-11-16T08:10:18Z,1,1
UgwZN5zgGCvO1spJm5F4AaABAg,@NikkiBdraws,I reflexively flinched when he grabbed the crepes with his hands. I burned myself frying gnocchi last year and now make every effort to keep my skin as far from the heat as I can.,2024-11-16T07:39:01Z,5,0
Ugy6Viv3etRGfEYsM0B4AaABAg,@JudyCZ,"Please keep making these videos, I've been wanting to learn how to make this dish for the longest time but always felt too intimidated. You - somehow - make it look realistic.",2024-11-16T07:29:41Z,0,0
UgzxBcrSPy0Bx_oWbf54AaABAg,@nisnast,"Crepe suzette is a pretty simple and easy dessert, but it's still really tasty",2024-11-16T05:13:35Z,0,0
Ugw8a5ofEcqBiQ0M4bd4AaABAg,@szaszm_,Those thin pancakes are what we just call pancakes around here. I'm from Hungary.,2024-11-16T05:05:58Z,0,0
Ugz4LUdPxTK-FMDYuNV4AaABAg,@LungsAhnk,"idk why ive always loved the recipes named after some woman. crepes suzette, steak Diane, Margarita pizza etc",2024-11-16T04:40:49Z,3,0
UgxKTKV8SbYhpVcuTrN4AaABAg,@kenmore01,Coming soon to Trader Joe's.,2024-11-16T04:36:13Z,0,0
UgxGbWMDZLmaUm1fVut4AaABAg,@joe._.napolitano5,I never see the sponsors coming at all,2024-11-16T04:18:09Z,0,0
UgxCMnRl12f6IAIPajp4AaABAg,@ChibiSteak,7:09 fin.,2024-11-16T03:32:09Z,0,0
Ugx7pCrH2LA6XTNwz6t4AaABAg,@orfitna,I didn't watch until the very end and lit myself on fire.,2024-11-16T03:28:49Z,0,0
UgwOMTM8TkTUS5xLByx4AaABAg,@JVerschueren,"We, my late grandmother, mother and still alive me, felt/feel Grand Marnier is too much orange flavour in this dish, so we make it with Austrian rum instead. Austrian rum, not Carribbean rum, really important, because the latter gets a weird aftertaste when you flambé it.
Similarly, never try to make Irish Coffee with Bourbon (ask my dad and I how we know).",2024-11-16T03:13:58Z,0,2
UgxnFs1obXBMk6anWYh4AaABAg,@nonowords7857,Bro how many mattresses do you have lol,2024-11-16T02:48:50Z,1,2
Ugwn9faw_rjZYMpAqEh4AaABAg,@mitchellwilson4873,I ordered the suzette I said could you please make that crepe?,2024-11-16T02:47:22Z,0,0
UgzmXI2I-aBgSeV1po14AaABAg,@ayehavgunne,When are you gonna do Japanese Curry!?,2024-11-16T02:46:21Z,0,0
Ugywq4-foKNjVnajPwZ4AaABAg,@M3rcaptan,I only knew of this dessert because of sims,2024-11-16T02:27:52Z,0,0
UgxiiRkOuYrj9xrvERt4AaABAg,@tktyga77,Ever made crêpes in savory ways?,2024-11-16T02:02:09Z,1,0
UgxPEphQaLmiLk4rZjN4AaABAg,@bjork86,omg what a coincidence i just made crepes yesterday! one thing that helps me with the batter is just doing it in the blender if you have one lol,2024-11-16T01:45:20Z,0,0
UgySTZ6d4WzlE81OOEJ4AaABAg,@OmegaErkz,Bro just grabbing shit out the pan and sticking his fingers in hot sugar syrup. What the heck?,2024-11-16T01:42:57Z,0,0
Ugxd84X9U035UwcrpUB4AaABAg,@nwbasson,Trying pouring the crepe batter into the edge of the pan instead of the middle and swirling from there,2024-11-16T01:24:53Z,0,0
UgzayeJPkInugSsSOeR4AaABAg,@ballisonfargo,I've made this before and it is absolutely awesome.,2024-11-16T01:00:15Z,0,0
UgxbNBPnaJmJ0hrbGWB4AaABAg,@thetribunaloftheimaginatio5247,"""This is not a hotel, young man!""",2024-11-16T00:56:27Z,0,0
Ugw3B47YyX-rH-GPFAN4AaABAg,@dukelornek,ty for that last PA lol,2024-11-16T00:54:55Z,0,0
UgyESuk4lIlOfmkZIQ94AaABAg,@samranda,to all the people who want to make larger batches of crepe batter: internet shaquille has a great old video about it,2024-11-16T00:32:10Z,0,0
UgwvuxNaRsQut7-zS6t4AaABAg,@mistahtom,It’s pronounced “krrrrrwape” like you’re hocking up a loogie,2024-11-16T00:31:48Z,0,2
UgzETb5dd34V3-Cktt54AaABAg,@wobblysauce,Nah all that batter goes in to make one and done when there is a skin on both sides and the middle is gooey.,2024-11-16T00:29:07Z,0,0
UgwiQSuuGC3Ztk7TZwd4AaABAg,@arcan762,bruh that's a big orange,2024-11-16T00:07:20Z,0,0
UgwDgmmnW3gLh_mvHjJ4AaABAg,@nicholasricardo8443,"Please do more old-timey dishes, Lobsters thermidor, chicken kiev, etc., bring passe back!",2024-11-16T00:06:31Z,0,0
UgzTMTn_Yn7eK8w5og54AaABAg,@McFlingleson,"Well, too bad I have diabetes.",2024-11-15T23:52:06Z,0,0
UgynS5JLmNimh_5Zaf94AaABAg,@joshuaingram34,Everyone is commenting on how many mattresses he has gone through while I'm sitting here wondering why no one is commenting on the camera mount just happening to be there over the bed lol,2024-11-15T23:12:16Z,0,0
UgyHdrdrNh1XDn6avYF4AaABAg,@navinvent,"You can get Dosa Tawa at an indian store. Those are great for crepes, if you like it a lot, you can even get a dosa printer,",2024-11-15T22:58:07Z,0,0
UgzSfvzZHC_TkDrOTGF4AaABAg,@ArchiiLisBright,"In Poland it is one of the cheaper and tastier sweets, we eat it often in the holidays/autumn about every 2 weeks, we serve it with cottage cheese and sweet cream, or wrapped in a roll with Nutella or jam, it is just an ordinary sweet and not something for the rich",2024-11-15T22:55:30Z,15,4
UgydHYoNur2myFDPaHx4AaABAg,@NicholasGhers,What’s Adam doing on all those mattresses?,2024-11-15T22:46:56Z,1,0
UgxaunxwHtOA9WJrKJB4AaABAg,@triskelion2056,Thank you Adam for the subtitles!,2024-11-15T22:40:06Z,5,0
UgxFN1XikZTkAP-VjQB4AaABAg,@thedracophile,"One tip I use when making crepes is to use a ladle to move the batter into the pan.  Find out how full to fill your ladle to make the best coverage, my ladle is about 3/4 full.",2024-11-15T22:36:44Z,17,0
UgzU93N6UgjU25jktdx4AaABAg,@coryman125,"I like that in your videos, you typically will say a lot of things like ""for myself, I would do-"" or ""you could do it this way, I prefer-"", really feels like you're teaching what the options are instead of preaching the One True Method.
But then every now and then you say something like ""don't light yourself on fire"" with no alternative options and it feels very oppressive...",2024-11-15T22:32:05Z,1,1
UgySBN1H2KG5qOOlPep4AaABAg,@PK-eg7hg,"As a Polish believer in The Naleśniki, I find this amount of butter offensive. Quadruple it, sir, at least :D",2024-11-15T22:26:39Z,1,0
UgxgDu9weAeK1b1t_4h4AaABAg,@samantha-lee7294,Yay am slowly working my way through most of your videos. Can't do mushroom ones though. 😀,2024-11-15T22:25:31Z,0,0
UgwnjBatIJKfLV8v5Yx4AaABAg,@aragusea,Thank you Helix Sleep for sponsoring! Helix’s Black Friday Sale is running now for a limited time – Visit https://helixsleep.com/ragusea to get 25% off your mattress (plus two FREE pillows) and receive a Free Bedding Bundle with your Luxe or Elite order. Offers subject to change. #helixsleep,2024-11-15T22:24:16Z,28,2
Ugy-sMoizVMHtCLf-jd4AaABAg,@DanielVSL,That is porn on a plate,2024-11-15T22:19:26Z,0,0
UgxZw0bxCcOygCg4_Nd4AaABAg,@LigerX97,"""This will make four 10-inch crepes""... or 1 single massive Big Boy Crepe if your crepe technique is as bad as mine.",2024-11-15T22:19:05Z,0,0
UgybSlF3AfdMqZ7xf4N4AaABAg,@neerajmangalanandan,What's an ideal substitute for the booze here? Some sort of adjacent citrus fruit juice? Just putting in some OJ from a tetra pack feels like it'd be redundant,2024-11-15T22:13:00Z,2,2
UgxPbxcBKFdOTxR8biN4AaABAg,@pandoraeeris7860,This is a bunch of crepe.,2024-11-15T21:32:21Z,0,0
UgzWTLKYklWPvFUkBu94AaABAg,@SarahAbramova,Thanks,2024-11-15T21:29:49Z,0,0
Ugy3frKTGS9pNVRyrC94AaABAg,@AM-hf9kk,"Best signoff ever!  ""Don't light yourself on fire...",2024-11-15T21:23:53Z,88,2
UgyVlKtEquBmNzuqb194AaABAg,@soctavian,"Great video. I appreciate your emphasis on the *very* hot caramel and the way the other ingredients make it spit. Is this how you would make more crepes for ""at home"", as-is? They're a common dish where I'm from, served with chocolate spread, ice-cream or jam. Many polarizing opinions on them, chief among which is NOT putting sugar in the batter itself (as it makes it more liable to browning/getting ugly as it cooks, and it might make the whole ordeal too sweet), or even thinning it out with sparkling water (which, in the ""eggnog"" batter acts just fine as a bit of a leavener). Using oil instead of butter? It might keep them more moist at room temperature and so on. Is letting them rest mandatory? I'm just curious if you've experimented with all of these variables and if you have any convictions on this whole crepe business.",2024-11-15T21:22:09Z,0,0
UgxTbz2A0KImFHJtaLd4AaABAg,@jakubolszewski8284,"Ooo, something that I call normal pancakes hahae.",2024-11-15T21:09:39Z,0,0
UgwUFfzqislWRJ_LxB14AaABAg,@hippie_4762,"Important detail. The spitting caramel is a BIGGER deal then just your average hot pan sizzling some oil. Sugar gets to insanely high temperatures and sticks to the skin, you can get some truly ghastly burns if you aren't careful.",2024-11-15T21:05:33Z,655,12
Ugy5d_16cfs-MBBxsPJ4AaABAg,@ulricklopez,Dude you have so many helix matresses lol where do you put them all.,2024-11-15T20:42:26Z,0,0
UgzK1QORQbU4tIwRQXt4AaABAg,@danel1922,"so we eat these ""crepes"" all the time, its called palatschinke over here, they are great. you can just smear nutella or jam or anything sweet on it, powder sugar on top, great dessert. you can make them less sweet, fill em in a roll with mushrooms, spinach, ham, cheese,  really whatever savory, cheese on top and in the oven, like empenadas i think they're called? in tomato sauce or bechamelle a bit like a lasagna, damn i'm hungry now",2024-11-15T20:33:40Z,4,2
UgyBLyXrj4wA7a4-9p14AaABAg,@VPCh.,"Crepes have one of the greatest impressiveness to effort ratios.
They are as easy as pancakes, but are far fancier and more impressive.",2024-11-15T20:27:22Z,0,0
Ugx3ArOCTFY4vKAYr3p4AaABAg,@gafarhere,I love how Slavic “blini” now called as french crepe😂😂😂,2024-11-15T20:26:32Z,1,2
UgyMmMQ2DBHT8HEGtzl4AaABAg,@LonkinPork,"Ah, see, I tried to make this once before, but nobody had given me that final piece of advice to ""Don't set yourself on fire."" I knew there was something I was missing.",2024-11-15T20:23:41Z,2,0
UgwybyD4zvW5QOEO4jV4AaABAg,@evanc.1591,"Thought that was an egg in the thumbnail, lol",2024-11-15T20:18:48Z,0,0
Ugy5RM3q5mLgYd-f-BR4AaABAg,@Dingo-Videos,Disappointed (/s) at the lack of Tale Spin Cape Suzette references throughout.,2024-11-15T20:18:30Z,0,0
UgzZehsNOhtZgfgMLRJ4AaABAg,@mrpresident8546,"Adam, why are you using so many mattresses?",2024-11-15T20:16:49Z,0,0
UgxLPa8fo8qnhhLByZl4AaABAg,@estar500,Why wouldn't you juice the orange beforehand? Surely that is much safer?,2024-11-15T20:16:09Z,5,1
Ugyq5WfOyxz0G1qhNid4AaABAg,@r5LgxTbQ,"while you're here, why does everyone say crépe (crayp) instead of the proper pronunciation crêpe (crep)",2024-11-15T20:14:17Z,0,2
UgzsBlSBS5iaDqckUE54AaABAg,@charkie978,"For those who don't know, that's French for ""Creepy Susie""",2024-11-15T20:13:35Z,1,0
Ugy6tj5acZkfEZvcXvl4AaABAg,@phlipschnodt,I love to see more old-school Ragusea vids.  Keep it up!,2024-11-15T20:11:37Z,23,0
UgxRq7D5JqU4HHir5A94AaABAg,@ashleyhamman,"It's interesting to see such a different approach to crepes. In my house we put powdered sugar in the mix, and as such perfectly smooth batter is neither desired nor particularly feasible. Then for handling the pan I put the dollop of batter on, and let the batter run around the edges with the help of lifting the pan and rotating it around. Then a knife or thin-edged spatula is used to raise the edge as it cooks, to make it easier to flip.",2024-11-15T20:05:34Z,0,2
Ugyj5HCX_KUM-D6qn9p4AaABAg,@UnicornsAndUnions,"Allergen Report. This recipe contains 3 of the 14 major allergens: egg, gluten, milk.",2024-11-15T20:03:07Z,7,1
UgyOXb6IYXli4y2Jnix4AaABAg,@z.olderautist2209,Can't wait for Adam to tell us that Suzette was an obese black woman and thus France has lost it's right to exist.,2024-11-15T19:53:29Z,0,2
UgwDtifp0CRWpOtNtP94AaABAg,@memeboi5486,Idk why I fully expected a Talladega Night's reference here I'm disappointed but only in myself 😕,2024-11-15T19:51:02Z,0,0
UgzJXRkQAGxsYeioxYx4AaABAg,@Nilejavxip,this is the pancakes 301 i've been waiting for,2024-11-15T19:47:27Z,5,0
UgwpSv7g00KMBK707sB4AaABAg,@nb-uo6vn,How many mattresses do you suppose Adam has at this point?,2024-11-15T19:46:41Z,6,2
UgwBGCldRVhPMHMvQCt4AaABAg,@labandedancefing,"I am french which makes me absolutely not an expert in any way except for recommanding everyone to try this recipe, thats one my favourite desert and its really nice to see your take on it",2024-11-15T19:44:00Z,210,5
Ugx9R5o6FrpIUznhaAh4AaABAg,@sloppyaiguy,Anyone else thinking about TaleSpin?,2024-11-15T19:41:17Z,0,0
Ugx0-helA6Jrzo5X1_h4AaABAg,@funakfunak2740,"Man, Adam goes through those mattresses like a madman",2024-11-15T19:40:51Z,1537,14
UgwhFz3lhNuLbeJoZoF4AaABAg,@CoolJay77,"One of my favorite desserts. Though many chefs call this Crepe Suzette nowadays, this is a syrupy and flambee version. The authentic Crepe Suzette is made out of a paste of similar ingredients which are not cooked over heat. The paste is spread over a heated crepe over a pan and folded. The flavors are more condensed, fresh, crisp and fragrant.  The syrupy inauthentic version is more eye pleasing.",2024-11-15T19:40:51Z,1,2
Ugz29ZEKBcdF1t9dLAJ4AaABAg,@my_granny,"""Don't light yourself on fire!""

As someone who works in a decidedly unfancy restaurant, I've said those words of wisdom to my coworkers before. (though, since our equipment is SUPPOSED to avoid open flames, mostly they get ""Don't burn yourself!"" (there's no accounting for when the toaster demands burnt offering))",2024-11-15T19:38:37Z,30,0
UgzRmUYlWP3470B55mN4AaABAg,@byobge,"Still the king of segue-to-ad, undefeated!",2024-11-15T19:37:51Z,14,3
UgwSPa2aBaV2-yWAa5N4AaABAg,@h7opolo,"thumbs up for correctly pronouncing ""orange."" can you believe ""arr-inj"" is the first accepted pronunciation, according to the dictionary, followed by ""or-inj""?!",2024-11-15T19:37:32Z,0,0
Ugxs-G4reC3JJMZ5ke94AaABAg,@Serouzo,"If you're squeezing the orange up high because you're concerned about the splashing, can't you just juice the orange into a cup beforehand?",2024-11-15T19:36:30Z,1,1
UgxbBqaxVZPGG8GEbK14AaABAg,@SeñorEspicy,"This is a great recipe very traditional. I always recommend cranking up the heat at the end to get crispy bits and even burn a little bit of the sugar to get it all glassy on the bottom. The soft crepes with burnt crispy sugar gives you an amazing texture like creme brulee and different layers of flavor. 
Heterogeneity amirite?",2024-11-15T19:33:23Z,17,2
Ugzjt7Vrxib6-nUh8uV4AaABAg,@ggw1776,"Once again commenting to ask what the banner on Adam's kitchen wall is with the orange, black, and blue stripes.",2024-11-15T19:32:36Z,0,0
UgxDCohnwAHQw9bMg7h4AaABAg,@opx4real,oh look! May favorite food channel put out another stellar video.,2024-11-15T19:28:31Z,9,0
UgyoeW3F7SJsL1BhnI14AaABAg,@TheKirik71,"I JUST had crepe suzette
Are you spying on me, Adam??",2024-11-15T19:26:40Z,0,0
Ugznu3nWQfJQZkeG3Wt4AaABAg,@nourishe0,A double transition! welcome back,2024-11-15T19:26:26Z,0,0
UgxDfVuzHrb658yEBbx4AaABAg,@khyrand,ok ragusea you got me with fire & ice cream,2024-11-15T19:25:26Z,0,0
UgzuSHILZLmIMGrWID94AaABAg,@sturmdr,"Ice Cream ❌
Iced Cream ✅",2024-11-15T19:23:13Z,14,2
Ugz66xql0ZSUXVUZK5V4AaABAg,@DigitalicaEG,"7:05 instructions unclear, call the fire department",2024-11-15T19:22:27Z,66,2
UgzfyOX_-DIQ6TuHSvd4AaABAg,@jamewakk,"From what I have seen, Adam is like the ""a book How to cook for dummies"" makes a shitload of money from it so kudos to him. 🙂",2024-11-15T19:21:09Z,2,0
UgxlNYEtTcHqwilVe1d4AaABAg,@JohnnyBurnes,Chopsticks may help with picking up the crepe.,2024-11-15T19:20:16Z,0,0
UgzUgfpgptiesHmci0x4AaABAg,@cindroman,Fun fact- in Croatia we just call them pancakes or in my native tongue - palačinke . 🙂 .,2024-11-15T19:20:01Z,0,4
UgzE-By6CLjo_rMopvx4AaABAg,@jamewakk,Americans really have to have someone to show them how to do it? Europeans already know since the cradle.,2024-11-15T19:18:25Z,2,2
Ugzo_KxTfux2bRMc16F4AaABAg,@Saix640,"For the dark part of the crêpe that gets unflexible for when it cools down, what we do (or at least my family does) in France when it's the time for crêpes, we usually make quite a lot of them, and you stack them all in a pile on plate and put like a damp towel (doesn't even have to be damp) over it. We don't eat them all at once, and the darker ones as they steam and cool down will be flexible, and when you finish all the crêpes you made (making a lot of them takes time) it shouldn't be a problem. If they were very dark and thin, they will at the very least be flexible for when you'll eat them at the time after that (if you've made them at lunch, they'll for sure be pliable for dinner). In my family they're more of a sweet treat (but they can be savory) for the Chandeleur (not the guy in Friends) so it's less of a fancy dessert than Crêpes suzette but I honestly think they're better than all the pancakes I tried and I think it's really worth trying ! Also a bit of lemon zest in the batter makes a big difference if you like the taste of lemon",2024-11-15T19:16:54Z,102,5
UgwICYgVg0BsvxCYez14AaABAg,@Phil_OG,Can you make a video on how you do research on a topic? A more scientific topic I mean.,2024-11-15T19:15:48Z,1,1
UgzXtgc-IJc3_rgkahF4AaABAg,@KingSpriteOSRS,Unfollowed,2024-11-15T19:15:23Z,0,0
UgzZ_yBJWO-NnsKTBPB4AaABAg,@lethalnl,Those look much too thick for crepes.  those are more like Dutch style pancakes.,2024-11-15T19:14:53Z,1,0
UgzxxzlBn-eXgOwCtTp4AaABAg,@FishareFriendsNotFood972,"As someone who has been doing nothing but eating my feelings this week, I can't wait to binge this standing up in my kitchen in my bathrobe at 3 AM at some point this weekend.",2024-11-15T19:14:17Z,296,10
Ugz49tmbv7qcHgjYAz94AaABAg,@sleepycomputer2067,Kind of surprised you use salted butter as much as you do given you like the flexibility of molasses + white sugar instead of brown sugar.,2024-11-15T19:11:47Z,2,1
Ugzp9vhCKK7_1LkBWIR4AaABAg,@dwaynewladyka577,One of the great crepe dishes. Have you ever made nalesneki? It's a Polish and Ukrainan dish that is made of crepes stuffed with a cottage cheese and dill filling. Cheers! 👍👍✌️,2024-11-15T19:09:32Z,3,1
UgyQ5EyJpgqP3Au1dTF4AaABAg,@anitatavoosi436,"As someone that struggles with audio processing, I am so grateful that the subtitles are back. Thank you!!

Edit: Not a robot, just autistic...",2024-11-15T19:08:26Z,246,12
UgyPYfbGDW_KmQ1KNG54AaABAg,@nicoskefalas,Ouuuuu love this concept!!! 👏,2024-11-15T19:07:24Z,0,0
UgyB48CO0IGR0mLQkPx4AaABAg,@ibnibz2636,"I have been looking for a good, home adapted crêpe suzette for ages. As always, Adam's timing is impeccable.",2024-11-15T19:04:53Z,37,1
UgwerXaby-NfsyhZ5LF4AaABAg,@benjamingeiger,A certain TV show host claims the flambé is because the dish was created for a stage play...,2024-11-15T19:02:11Z,0,0
Ugz02LheqO2Uh4TN01h4AaABAg,@potato4439,"38 seconds ago, i’ve impressed myself with that.",2024-11-15T19:02:02Z,0,0
UgzxCTrWIyeZuTjINT54AaABAg,@pressetoascend,For a moment i though the “fire” referred to spicyness,2024-11-15T19:01:26Z,1,0
Ugx5EKTOYCD9pfhXj-54AaABAg,@wordytoed9887,Consider me most intrigued! TIME FOR LIGHTNING!,2024-11-15T19:01:04Z,3,0
